p,n,time,reg,strategy,gaps,primals,it,s,relgaps,μ0
1000,500,4.100799560546875e-5,0.05,gradient,292.4723488727001,346.5735902799727,1,10,0.8438968146315824,$\mu_0 = 0.5$
1000,500,0.02198195457458496,0.05,gradient,145.79276191907098,191.2235736408402,1,10,0.7624204440029019,$\mu_0 = 0.5$
1000,500,0.04397392272949219,0.05,gradient,98.56926773618949,155.26549516033032,1,10,0.6348433541812033,$\mu_0 = 0.5$
1000,500,0.0709829330444336,0.05,gradient,63.90901733837299,142.62029258484904,1,10,0.448106059664347,$\mu_0 = 0.5$
1000,500,0.16197705268859863,0.05,gradient,59.58168991475878,137.46002449183962,1,10,0.4334473977799697,$\mu_0 = 0.5$
1000,500,0.2159740924835205,0.05,gradient,45.95045389548724,134.61385296035573,1,10,0.34135011282248806,$\mu_0 = 0.5$
1000,500,0.25298404693603516,0.05,gradient,29.356125895398876,133.10663986290194,1,10,0.22054591660968448,$\mu_0 = 0.5$
1000,500,0.45998096466064453,0.05,gradient,25.07129008593111,132.17603134662778,1,10,0.18968106267453577,$\mu_0 = 0.5$
1000,500,0.4749770164489746,0.05,gradient,24.355736862606364,131.61512033393208,1,10,0.18505272647102644,$\mu_0 = 0.5$
1000,500,0.4869680404663086,0.05,gradient,21.73591669662406,131.24296585998295,1,10,0.16561586028018527,$\mu_0 = 0.5$
1000,500,0.5059890747070312,0.05,gradient,18.592144152538793,130.972743195616,1,10,0.14195430055832503,$\mu_0 = 0.5$
1000,500,0.5239789485931396,0.05,gradient,10.030739353634772,130.79394810017035,1,10,0.07669115811040883,$\mu_0 = 0.5$
1000,500,0.5369751453399658,0.05,gradient,8.419228103443743,130.65732663361132,1,10,0.06443747411925015,$\mu_0 = 0.5$
1000,500,0.5499730110168457,0.05,gradient,11.975915752211591,130.56379128749455,1,10,0.09172463233578489,$\mu_0 = 0.5$
1000,500,0.5659661293029785,0.05,gradient,10.467741836155824,130.4898086969152,1,10,0.08021884575268969,$\mu_0 = 0.5$
1000,500,0.579962968826294,0.05,gradient,7.906029873898731,130.43961363475586,1,10,0.0606106508106994,$\mu_0 = 0.5$
1000,500,0.5949721336364746,0.05,gradient,5.9691102627611485,130.3991169742622,1,10,0.045775695428515166,$\mu_0 = 0.5$
1000,500,0.6109700202941895,0.05,gradient,5.3563144389062955,130.370404566984,1,10,0.04108535565795712,$\mu_0 = 0.5$
1000,500,0.6289699077606201,0.05,gradient,4.882420015215189,130.3497087297287,1,10,0.03745631703204306,$\mu_0 = 0.5$
1000,500,0.6419620513916016,0.05,gradient,3.9693547894617893,130.33227091704725,1,10,0.030455655852019717,$\mu_0 = 0.5$
1000,500,0.6569781303405762,0.05,gradient,4.864643926210874,130.32022436511605,1,10,0.03732838820612893,$\mu_0 = 0.5$
1000,500,0.669975996017456,0.05,gradient,2.5471018644346373,130.31044358096813,1,10,0.01954641389008856,$\mu_0 = 0.5$
1000,500,0.6839621067047119,0.05,gradient,2.5650783156515047,130.30277916667296,1,10,0.019685522688433685,$\mu_0 = 0.5$
1000,500,0.6989710330963135,0.05,gradient,1.60721099570128,130.2968301986213,1,10,0.012334996893257393,$\mu_0 = 0.5$
1000,500,0.7129769325256348,0.05,gradient,2.2314980189373728,130.29223516623287,1,10,0.017126868812176906,$\mu_0 = 0.5$
1000,500,0.7279751300811768,0.05,gradient,3.1545612788234365,130.28876891477796,1,10,0.02421207372745105,$\mu_0 = 0.5$
1000,500,0.7429730892181396,0.05,gradient,1.6444641599203464,130.28585068562342,1,10,0.012621970469290625,$\mu_0 = 0.5$
1000,500,0.7564189434051514,0.05,gradient,1.6506903137496067,130.28358723398617,1,10,0.012669978995781003,$\mu_0 = 0.5$
1000,500,0.7719659805297852,0.05,gradient,1.4373945465278268,130.2819096544193,1,10,0.011032955767539817,$\mu_0 = 0.5$
1000,500,0.786978006362915,0.05,gradient,1.0413060686528013,130.280679865454,1,10,0.007992789642548681,$\mu_0 = 0.5$
1000,500,0.8019750118255615,0.05,gradient,0.984049215052579,130.27979056220136,1,10,0.007553352755681244,$\mu_0 = 0.5$
1000,500,0.816978931427002,0.05,gradient,0.7734377327189748,130.2790661266851,1,10,0.005936776764786398,$\mu_0 = 0.5$
1000,500,0.8309741020202637,0.05,gradient,0.7276300343822584,130.27856320790048,1,10,0.005585186207657936,$\mu_0 = 0.5$
1000,500,0.8457169532775879,0.05,gradient,0.9287993041963887,130.27815419678257,1,10,0.00712935572293614,$\mu_0 = 0.5$
1000,500,0.8609960079193115,0.05,gradient,0.4556055560956338,130.27783201287673,1,10,0.0034971840493216184,$\mu_0 = 0.5$
1000,500,0.875993013381958,0.05,gradient,0.7143921255038777,130.27758690893594,1,10,0.005483614967501953,$\mu_0 = 0.5$
1000,500,0.8889789581298828,0.05,gradient,0.38785506463810293,130.27740502996494,1,10,0.0029771476070535245,$\mu_0 = 0.5$
1000,500,0.9009709358215332,0.05,gradient,0.28310279465927124,130.2772337953126,1,10,0.002173079565874673,$\mu_0 = 0.5$
1000,500,0.9142990112304688,0.05,gradient,0.46907423333456677,130.2771268280217,1,10,0.0036005877989141546,$\mu_0 = 0.5$
1000,500,0.9319620132446289,0.05,gradient,0.2578576639720609,130.27703650165574,1,10,0.0019793024994760582,$\mu_0 = 0.5$
1000,500,0.9469730854034424,0.05,gradient,0.2221644884040188,130.27696491987635,1,10,0.0017053244105023142,$\mu_0 = 0.5$
1000,500,0.9589691162109375,0.05,gradient,0.26925054994504194,130.27690749656443,1,10,0.002066755767534184,$\mu_0 = 0.5$
1000,500,0.9739711284637451,0.05,gradient,0.1866154719224653,130.2768606785273,1,10,0.001432452938691544,$\mu_0 = 0.5$
1000,500,0.9889669418334961,0.05,gradient,0.3369244353008298,130.27682339741065,1,10,0.002586219302208795,$\mu_0 = 0.5$
1000,500,1.0039629936218262,0.05,gradient,0.19998691181208983,130.27679308695946,1,10,0.0015350923758047914,$\mu_0 = 0.5$
1000,500,1.0179760456085205,0.05,gradient,0.19029676180400656,130.27677044287603,1,10,0.0014607113851309984,$\mu_0 = 0.5$
1000,500,1.0329840183258057,0.05,gradient,0.17355366553275076,130.27675214960328,1,10,0.0013321921422591995,$\mu_0 = 0.5$
1000,500,1.0479791164398193,0.05,gradient,0.10082942795358463,130.2767376253121,1,10,0.0007739634089055818,$\mu_0 = 0.5$
1000,500,1.0629639625549316,0.05,gradient,0.13793241056842476,130.27672498277144,1,10,0.0010587647992123363,$\mu_0 = 0.5$
1000,500,1.0809800624847412,0.05,gradient,0.08202494826733187,130.27671556566324,1,10,0.0006296209411726297,$\mu_0 = 0.5$
1000,500,1.0989649295806885,0.05,gradient,0.08021453500043663,130.27670816537744,1,10,0.000615724300452923,$\mu_0 = 0.5$
1000,500,1.1129710674285889,0.05,gradient,0.09814328430519481,130.2767021389928,1,10,0.0007533448628480426,$\mu_0 = 0.5$
1000,500,1.1299750804901123,0.05,gradient,0.11022374463348683,130.2766975120643,1,10,0.0008460741386484682,$\mu_0 = 0.5$
1000,500,1.1430001258850098,0.05,gradient,0.06711400650922883,130.27669388381466,1,10,0.0005151651036607013,$\mu_0 = 0.5$
1000,500,1.1559619903564453,0.05,gradient,0.050768979720402285,130.27669046277407,1,10,0.0003897011778550613,$\mu_0 = 0.5$
1000,500,1.1689600944519043,0.05,gradient,0.05428430230392678,130.27668820264233,1,10,0.00041668469664725297,$\mu_0 = 0.5$
1000,500,1.180962085723877,0.05,gradient,0.05407553144758026,130.27668629764537,1,10,0.0004150821838071086,$\mu_0 = 0.5$
1000,500,1.1929600238800049,0.05,gradient,0.04122981248892188,130.27668477006154,1,10,0.0003164788278247373,$\mu_0 = 0.5$
1000,500,1.2079639434814453,0.05,gradient,0.04555123097290448,130.2766835533141,1,10,0.0003496499122520509,$\mu_0 = 0.5$
1000,500,1.2235069274902344,0.05,gradient,0.026444687682214862,130.27668257751156,1,10,0.00020298864815260318,$\mu_0 = 0.5$
1000,500,1.2359681129455566,0.05,gradient,0.042834481560589666,130.27668178041841,1,10,0.0003287962279603288,$\mu_0 = 0.5$
1000,500,1.249967098236084,0.05,gradient,0.030868383383392484,130.27668114502669,1,10,0.00023694480940168535,$\mu_0 = 0.5$
1000,500,1.262963056564331,0.05,gradient,0.03453935433790889,130.27668069782183,1,10,0.00026512307615530437,$\mu_0 = 0.5$
1000,500,1.2779650688171387,0.05,gradient,0.019112616224163048,130.27668030834496,1,10,0.00014670788493325443,$\mu_0 = 0.5$
1000,500,1.2899649143218994,0.05,gradient,0.016977026363861114,130.27667999154315,1,10,0.00013031515974281177,$\mu_0 = 0.5$
1000,500,1.3019659519195557,0.05,gradient,0.017531175783204844,130.2766797607025,1,10,0.00013456879477897977,$\mu_0 = 0.5$
1000,500,1.3139660358428955,0.05,gradient,0.01805688202904321,130.2766795577656,1,10,0.00013860410082862652,$\mu_0 = 0.5$
1000,500,1.3259639739990234,0.05,gradient,0.014836792555627198,130.2766794179126,1,10,0.00011388678788804922,$\mu_0 = 0.5$
1000,500,1.3379740715026855,0.05,gradient,0.01407918070492542,130.27667928465388,1,10,0.00010807138148004588,$\mu_0 = 0.5$
1000,500,1.3499670028686523,0.05,gradient,0.009306226255205274,130.27667918457394,1,10,7.143432204025066e-5,$\mu_0 = 0.5$
1000,500,1.3619670867919922,0.05,gradient,0.011521877186567053,130.27667909895303,1,10,8.844159419979911e-5,$\mu_0 = 0.5$
1000,500,1.373966932296753,0.05,gradient,0.008263030335513122,130.2766790311347,1,10,6.342678057934182e-5,$\mu_0 = 0.5$
1000,500,1.3859660625457764,0.05,gradient,0.010836772477119894,130.27667897771326,1,10,8.318275045201118e-5,$\mu_0 = 0.5$
1000,500,1.397968053817749,0.05,gradient,0.010464259411833154,130.27667893539055,1,10,8.032335101989208e-5,$\mu_0 = 0.5$
1000,500,1.4129729270935059,0.05,gradient,0.006911662046377387,130.2766788969696,1,10,5.3053716942258967e-5,$\mu_0 = 0.5$
1000,500,1.4279720783233643,0.05,gradient,0.009364643366410519,130.2766788692513,1,10,7.188273026064083e-5,$\mu_0 = 0.5$
1000,500,1.44297194480896,0.05,gradient,0.006789001632739655,130.2766788450033,1,10,5.211217919376707e-5,$\mu_0 = 0.5$
1000,500,1.4579689502716064,0.05,gradient,0.005207017059234431,130.276678826277,1,10,3.996891159758494e-5,$\mu_0 = 0.5$
1000,500,1.476315975189209,0.05,gradient,0.00673920517013471,130.2766788101279,1,10,5.172994300811724e-5,$\mu_0 = 0.5$
1000,500,1.4909589290618896,0.05,gradient,0.003395257629506432,130.276678796657,1,10,2.6061898882193156e-5,$\mu_0 = 0.5$
1000,500,1.5059659481048584,0.05,gradient,0.004097634107097292,130.27667878708775,1,10,3.1453320312180275e-5,$\mu_0 = 0.5$
1000,500,1.5209760665893555,0.05,gradient,0.004157875797261568,130.27667877722848,1,10,3.19157337774283e-5,$\mu_0 = 0.5$
1000,500,1.5359649658203125,0.05,gradient,0.003660250893318562,130.27667877028358,1,10,2.809597947897236e-5,$\mu_0 = 0.5$
1000,500,1.5509750843048096,0.05,gradient,0.0023636018970876194,130.276678765116,1,10,1.8142939469228452e-5,$\mu_0 = 0.5$
1000,500,1.5629611015319824,0.05,gradient,0.0022311727759642963,130.27667876062912,1,10,1.7126417384832644e-5,$\mu_0 = 0.5$
1000,500,1.5749609470367432,0.05,gradient,0.0024478435325363535,130.27667875700365,1,10,1.8789575815807768e-5,$\mu_0 = 0.5$
1000,500,1.5899710655212402,0.05,gradient,0.0020252272678362715,130.27667875433147,1,10,1.5545585650485706e-5,$\mu_0 = 0.5$
1000,500,1.6049160957336426,0.05,gradient,0.0022495446738730607,130.27667875199046,1,10,1.7267439540391957e-5,$\mu_0 = 0.5$
1000,500,1.619966983795166,0.05,gradient,0.001853787734916068,130.2766787500998,1,10,1.4229620778651052e-5,$\mu_0 = 0.5$
1000,500,1.6329710483551025,0.05,gradient,0.0015602211005045774,130.27667874852148,1,10,1.197621182465311e-5,$\mu_0 = 0.5$
1000,500,1.6479671001434326,0.05,gradient,0.0008269749357054934,130.27667874729974,1,10,6.347835573161894e-6,$\mu_0 = 0.5$
1000,500,1.6629719734191895,0.05,gradient,0.0012144897933694665,130.27667874616628,1,10,9.32238835882363e-6,$\mu_0 = 0.5$
1000,500,1.6779799461364746,0.05,gradient,0.0012252878033791603,130.27667874537735,1,10,9.405273569906981e-6,$\mu_0 = 0.5$
1000,500,1.6929709911346436,0.05,gradient,0.0010552007092314852,130.27667874470848,1,10,8.09968997827514e-6,$\mu_0 = 0.5$
1000,500,1.707961082458496,0.05,gradient,0.0006876514499083441,130.27667874415087,1,10,5.278392545290599e-6,$\mu_0 = 0.5$
1000,500,1.7229719161987305,0.05,gradient,0.0008348031395257749,130.27667874370462,1,10,6.407924638362146e-6,$\mu_0 = 0.5$
1000,500,1.7379770278930664,0.05,gradient,0.00076508157326316,130.27667874332207,1,10,5.87274392196138e-6,$\mu_0 = 0.5$
1000,500,1.7531840801239014,0.05,gradient,0.0006411317442598374,130.27667874305476,1,10,4.9213086367080655e-6,$\mu_0 = 0.5$
1000,500,1.7679779529571533,0.05,gradient,0.0005838963327562396,130.27667874282747,1,10,4.481971281359418e-6,$\mu_0 = 0.5$
1000,500,1.781973123550415,0.05,gradient,0.0006556539962332408,130.27667874263318,1,10,5.032781020834218e-6,$\mu_0 = 0.5$
1000,500,2.772007942199707,0.05,exact,1.2739930923544307e-6,27.87835149683754,1,10,4.569829362037242e-8,$\mu_0 = 0.99$
1000,500,2.785994052886963,0.05,exact,1.6932424991011885e-6,27.878351496837535,1,10,6.073682295358342e-8,$\mu_0 = 0.99$
1000,500,2.8000071048736572,0.05,exact,8.330735674633161e-7,27.87835149683755,1,10,2.9882454404013734e-8,$\mu_0 = 0.99$
1000,500,2.8204989433288574,0.05,exact,1.5416939760370951e-6,27.878351496837524,1,10,5.530075823213515e-8,$\mu_0 = 0.99$
1000,500,2.83400297164917,0.05,exact,1.462056115286714e-6,27.878351496837517,1,10,5.244413807798383e-8,$\mu_0 = 0.99$
1000,500,2.857996940612793,0.05,exact,1.4773457870376205e-6,27.878351496837503,1,10,5.299258054068259e-8,$\mu_0 = 0.99$
1000,500,2.882920026779175,0.05,exact,1.1273305986492232e-6,27.878351496837503,1,10,4.0437491391020975e-8,$\mu_0 = 0.99$
1000,500,2.913994073867798,0.05,exact,8.201447236899639e-7,27.878351496837507,1,10,2.9418695139954757e-8,$\mu_0 = 0.99$
1000,500,2.9460060596466064,0.05,exact,1.200298477499473e-6,27.878351496837507,1,10,4.305485844941849e-8,$\mu_0 = 0.99$
1000,500,2.9760029315948486,0.05,exact,8.079686608652992e-7,27.8783514968375,1,10,2.8981938223892276e-8,$\mu_0 = 0.99$
1000,500,3.0030081272125244,0.05,exact,8.781884730524325e-7,27.878351496837496,1,10,3.15007317829411e-8,$\mu_0 = 0.99$
1000,500,3.0210089683532715,0.05,exact,6.959895344493816e-7,27.878351496837485,1,10,2.496523277311912e-8,$\mu_0 = 0.99$
1000,500,3.0350630283355713,0.05,exact,7.49226231278044e-7,27.878351496837475,1,10,2.6874839832729577e-8,$\mu_0 = 0.99$
1000,500,3.051011085510254,0.05,exact,5.786128554063907e-7,27.87835149683748,1,10,2.075491642581623e-8,$\mu_0 = 0.99$
1000,500,3.0726919174194336,0.05,exact,5.870182313572059e-7,27.87835149683748,1,10,2.1056418326018926e-8,$\mu_0 = 0.99$
1000,500,3.0900089740753174,0.05,exact,1.0026083430147992e-6,27.87835149683749,1,10,3.5963688280798625e-8,$\mu_0 = 0.99$
1000,500,3.1080079078674316,0.05,exact,8.171674927837103e-7,27.878351496837475,1,10,2.9311901490172755e-8,$\mu_0 = 0.99$
1000,500,3.1230130195617676,0.05,exact,4.936512780773228e-7,27.878351496837478,1,10,1.7707333883544823e-8,$\mu_0 = 0.99$
1000,500,3.139003038406372,0.05,exact,3.281113158948301e-7,27.87835149683748,1,10,1.1769394468394269e-8,$\mu_0 = 0.99$
1000,500,3.154007911682129,0.05,exact,3.0215124979804386e-7,27.878351496837467,1,10,1.0838203608714814e-8,$\mu_0 = 0.99$
1000,500,3.168726921081543,0.05,exact,3.0583319343691073e-7,27.87835149683749,1,10,1.0970275393493204e-8,$\mu_0 = 0.99$
1000,500,3.1985061168670654,0.05,exact,3.2530376259387594e-7,27.878351496837457,1,10,1.1668687175810186e-8,$\mu_0 = 0.99$
1000,500,3.2130091190338135,0.05,exact,3.5082077332049266e-7,27.87835149683748,1,10,1.2583985583232558e-8,$\mu_0 = 0.99$
1000,500,3.22800612449646,0.05,exact,3.270499675522842e-7,27.87835149683748,1,10,1.1731323768888728e-8,$\mu_0 = 0.99$
1000,500,3.2430031299591064,0.05,exact,3.2470417465901846e-7,27.878351496837475,1,10,1.1647179880627195e-8,$\mu_0 = 0.99$
1000,500,3.258012056350708,0.05,exact,2.490357786655295e-7,27.87835149683748,1,10,8.932944930182838e-9,$\mu_0 = 0.99$
1000,500,3.2730040550231934,0.05,exact,2.975674320282451e-7,27.878351496837467,1,10,1.0673781484604686e-8,$\mu_0 = 0.99$
1000,500,3.287998914718628,0.05,exact,2.16674671094097e-7,27.878351496837475,1,10,7.772147901882814e-9,$\mu_0 = 0.99$
1000,500,3.301003932952881,0.05,exact,1.7364212112624955e-7,27.878351496837478,1,10,6.228564882896592e-9,$\mu_0 = 0.99$
1000,500,3.316448926925659,0.05,exact,1.973295198354208e-7,27.878351496837475,1,10,7.078234875466216e-9,$\mu_0 = 0.99$
1000,500,3.331005096435547,0.05,exact,2.087583652610192e-7,27.87835149683748,1,10,7.488189008761897e-9,$\mu_0 = 0.99$
1000,500,3.3489930629730225,0.05,exact,2.2971525481807475e-7,27.87835149683746,1,10,8.239915292126717e-9,$\mu_0 = 0.99$
1000,500,3.364000082015991,0.05,exact,2.627609028138522e-7,27.87835149683748,1,10,9.425266872169964e-9,$\mu_0 = 0.99$
1000,500,3.380017042160034,0.05,exact,2.7857910822604026e-7,27.87835149683748,1,10,9.992667904256902e-9,$\mu_0 = 0.99$
1000,500,3.3950130939483643,0.05,exact,2.576684430266596e-7,27.878351496837478,1,10,9.242599694457885e-9,$\mu_0 = 0.99$
1000,500,3.4119999408721924,0.05,exact,1.9396236083935037e-7,27.87835149683747,1,10,6.9574544557038644e-9,$\mu_0 = 0.99$
1000,500,3.4300010204315186,0.05,exact,1.5789902008123136e-7,27.87835149683749,1,10,5.6638578539747365e-9,$\mu_0 = 0.99$
1000,500,3.4507670402526855,0.05,exact,1.6487929244135557e-7,27.878351496837475,1,10,5.914241107838084e-9,$\mu_0 = 0.99$
1000,500,3.4660089015960693,0.05,exact,1.812105452358992e-7,27.878351496837475,1,10,6.500045214526252e-9,$\mu_0 = 0.99$
1000,500,3.484005928039551,0.05,exact,1.1487846052204986e-7,27.878351496837475,1,10,4.120704932466387e-9,$\mu_0 = 0.99$
1000,500,3.502000093460083,0.05,exact,1.3629511030899266e-7,27.878351496837485,1,10,4.888922873522631e-9,$\mu_0 = 0.99$
1000,500,3.519990921020508,0.05,exact,1.0336077593819937e-7,27.87835149683747,1,10,3.7075641273094875e-9,$\mu_0 = 0.99$
1000,500,3.538003921508789,0.05,exact,1.260728161867064e-7,27.878351496837478,1,10,4.522247888330417e-9,$\mu_0 = 0.99$
1000,500,3.555996894836426,0.05,exact,9.800921674241181e-8,27.878351496837475,1,10,3.515603020986732e-9,$\mu_0 = 0.99$
1000,500,3.5739989280700684,0.05,exact,1.076434159585915e-7,27.878351496837475,1,10,3.861182967393269e-9,$\mu_0 = 0.99$
1000,500,3.5920000076293945,0.05,exact,9.998599281857423e-8,27.878351496837478,1,10,3.5865102292693545e-9,$\mu_0 = 0.99$
1000,500,3.6080880165100098,0.05,exact,9.712033843811696e-8,27.878351496837478,1,10,3.4837188436028685e-9,$\mu_0 = 0.99$
1000,500,3.623279094696045,0.05,exact,9.309707138527301e-8,27.87835149683746,1,10,3.339403744724074e-9,$\mu_0 = 0.99$
1000,500,3.63700008392334,0.05,exact,7.901643428454008e-8,27.87835149683747,1,10,2.8343295080953308e-9,$\mu_0 = 0.99$
1000,500,3.6520121097564697,0.05,exact,5.53741053010981e-8,27.87835149683747,1,10,1.9862761722973382e-9,$\mu_0 = 0.99$
1000,500,3.6670100688934326,0.05,exact,4.326264146925496e-8,27.87835149683749,1,10,1.5518364302911762e-9,$\mu_0 = 0.99$
1000,500,3.6819989681243896,0.05,exact,4.972807943204316e-8,27.878351496837467,1,10,1.7837525090995547e-9,$\mu_0 = 0.99$
1000,500,3.6980040073394775,0.05,exact,6.42478035217664e-8,27.878351496837475,1,10,2.3045768516497354e-9,$\mu_0 = 0.99$
1000,500,3.7140159606933594,0.05,exact,6.166306576460556e-8,27.87835149683748,1,10,2.2118619808492125e-9,$\mu_0 = 0.99$
1000,500,3.729137897491455,0.05,exact,6.8215825876905e-8,27.878351496837467,1,10,2.446910316223089e-9,$\mu_0 = 0.99$
1000,500,3.7450098991394043,0.05,exact,5.172082495619179e-8,27.878351496837475,1,10,1.8552325435045545e-9,$\mu_0 = 0.99$
1000,500,3.760006904602051,0.05,exact,2.9005342128129996e-8,27.878351496837467,1,10,1.0404252967188672e-9,$\mu_0 = 0.99$
1000,500,3.7750110626220703,0.05,exact,6.06288779181341e-8,27.87835149683746,1,10,2.174765531778731e-9,$\mu_0 = 0.99$
1000,500,3.7880070209503174,0.05,exact,3.0868633871250495e-8,27.878351496837475,1,10,1.1072618075983524e-9,$\mu_0 = 0.99$
1000,500,3.800997018814087,0.05,exact,3.5498658235155744e-8,27.878351496837467,1,10,1.2733413680928275e-9,$\mu_0 = 0.99$
1000,500,3.8160059452056885,0.05,exact,2.337761273452088e-8,27.87835149683747,1,10,8.3855793041324e-10,$\mu_0 = 0.99$
1000,500,3.8279941082000732,0.05,exact,2.2991880399558795e-8,27.878351496837467,1,10,8.24721662691103e-10,$\mu_0 = 0.99$
1000,500,3.842000961303711,0.05,exact,3.5587152780180986e-8,27.878351496837492,1,10,1.2765156786339386e-9,$\mu_0 = 0.99$
1000,500,3.8560049533843994,0.05,exact,2.4036125978454947e-8,27.878351496837467,1,10,8.62178883897838e-10,$\mu_0 = 0.99$
1000,500,3.871006965637207,0.05,exact,3.03566949355627e-8,27.878351496837475,1,10,1.0888984931195222e-9,$\mu_0 = 0.99$
1000,500,3.883747100830078,0.05,exact,2.533236553858842e-8,27.87835149683746,1,10,9.086751611357702e-10,$\mu_0 = 0.99$
1000,500,3.898003101348877,0.05,exact,2.2194235782535543e-8,27.878351496837457,1,10,7.961100492277413e-10,$\mu_0 = 0.99$
1000,500,3.910003900527954,0.05,exact,2.9610362162202364e-8,27.87835149683748,1,10,1.0621274419888622e-9,$\mu_0 = 0.99$
1000,500,3.9249989986419678,0.05,exact,2.065557325181544e-8,27.878351496837467,1,10,7.409180293231692e-10,$\mu_0 = 0.99$
1000,500,3.940006971359253,0.05,exact,1.506902691517098e-8,27.87835149683746,1,10,5.405279044881983e-10,$\mu_0 = 0.99$
1000,500,3.9560039043426514,0.05,exact,1.7718257083743083e-8,27.878351496837464,1,10,6.355561262563553e-10,$\mu_0 = 0.99$
1000,500,3.970005989074707,0.05,exact,1.242911906729205e-8,27.878351496837467,1,10,4.458340755443167e-10,$\mu_0 = 0.99$
1000,500,3.9979960918426514,0.05,exact,1.4065040687682995e-8,27.87835149683746,1,10,5.045147913167873e-10,$\mu_0 = 0.99$
1000,500,4.026997089385986,0.05,exact,9.038995330001853e-9,27.87835149683748,1,10,3.242299076050905e-10,$\mu_0 = 0.99$
1000,500,4.057995080947876,0.05,exact,1.2300628071670872e-8,27.87835149683746,1,10,4.4122508725332137e-10,$\mu_0 = 0.99$
1000,500,4.083986043930054,0.05,exact,1.461690501969315e-8,27.878351496837467,1,10,5.243102348197058e-10,$\mu_0 = 0.99$
1000,500,4.107996940612793,0.05,exact,1.1232955898776709e-8,27.878351496837467,1,10,4.029275511520464e-10,$\mu_0 = 0.99$
1000,500,4.123006105422974,0.05,exact,7.509200372624036e-9,27.87835149683747,1,10,2.693559686797077e-10,$\mu_0 = 0.99$
1000,500,4.137006044387817,0.05,exact,1.0609138456629807e-8,27.878351496837467,1,10,3.8055114047304097e-10,$\mu_0 = 0.99$
1000,500,4.1510090827941895,0.05,exact,5.739824615602629e-9,27.878351496837464,1,10,2.0588823611947635e-10,$\mu_0 = 0.99$
1000,500,4.186269044876099,0.05,exact,8.914206262033986e-9,27.878351496837467,1,10,3.1975370792800344e-10,$\mu_0 = 0.99$
1000,500,4.2010979652404785,0.05,exact,7.541935076460504e-9,27.878351496837464,1,10,2.7053016665336417e-10,$\mu_0 = 0.99$
1000,500,4.217073917388916,0.05,exact,6.066031232876412e-9,27.878351496837475,1,10,2.1758930880703415e-10,$\mu_0 = 0.99$
1000,500,4.23900294303894,0.05,exact,5.70567237900832e-9,27.878351496837467,1,10,2.04663191066214e-10,$\mu_0 = 0.99$
1000,500,4.253402948379517,0.05,exact,7.82353026806959e-9,27.878351496837485,1,10,2.806310218506675e-10,$\mu_0 = 0.99$
1000,500,4.268934011459351,0.05,exact,4.5158934369737835e-9,27.87835149683747,1,10,1.6198566968660497e-10,$\mu_0 = 0.99$
1000,500,4.283998012542725,0.05,exact,4.137444165053239e-9,27.878351496837467,1,10,1.4841064635843308e-10,$\mu_0 = 0.99$
1000,500,4.2990100383758545,0.05,exact,3.9756820058300946e-9,27.878351496837464,1,10,1.426082172140307e-10,$\mu_0 = 0.99$
1000,500,4.313996076583862,0.05,exact,5.397115643290817e-9,27.878351496837478,1,10,1.9359522186608008e-10,$\mu_0 = 0.99$
1000,500,4.328007936477661,0.05,exact,5.617831533299977e-9,27.878351496837467,1,10,2.0151232880241383e-10,$\mu_0 = 0.99$
1000,500,4.3530049324035645,0.05,exact,5.8374922673465335e-9,27.878351496837475,1,10,2.093915871606949e-10,$\mu_0 = 0.99$
1000,500,4.37101411819458,0.05,exact,2.9158080394608987e-9,27.878351496837478,1,10,1.0459040376873317e-10,$\mu_0 = 0.99$
1000,500,4.3890159130096436,0.05,exact,3.2366571645070508e-9,27.87835149683749,1,10,1.1609930253136439e-10,$\mu_0 = 0.99$
1000,500,4.407005071640015,0.05,exact,3.5583624935497937e-9,27.87835149683748,1,10,1.276389134398228e-10,$\mu_0 = 0.99$
1000,500,4.424997091293335,0.05,exact,3.902556500179344e-9,27.87835149683748,1,10,1.3998519606232994e-10,$\mu_0 = 0.99$
1000,500,4.443006992340088,0.05,exact,6.0456883943516004e-9,27.878351496837475,1,10,2.1685960861198786e-10,$\mu_0 = 0.99$
1000,500,4.460999011993408,0.05,exact,4.297071143355424e-9,27.87835149683748,1,10,1.541364862927022e-10,$\mu_0 = 0.99$
1000,500,4.479007005691528,0.05,exact,4.464496328182577e-9,27.878351496837475,1,10,1.6014204888294884e-10,$\mu_0 = 0.99$
1000,500,4.497003078460693,0.05,exact,3.5569804879287403e-9,27.878351496837478,1,10,1.275893407231143e-10,$\mu_0 = 0.99$
1000,500,4.515007019042969,0.05,exact,2.43856490556027e-9,27.87835149683747,1,10,1.0e-10,$\mu_0 = 0.99$
