problem,type,thresh,npasses,primal,final_lambda,runtime,jerr,subopt,mode
synthetic,Newton,0.1,50,0.117413921714809,0.00374562643338918,0.155,0,0.0002441352043389966,Newton
synthetic,Newton,0.0316227766016838,50,0.117413921714809,0.00374562643338918,0.0189999999999999,0,0.0002441352043389966,Newton
synthetic,Newton,0.01,50,0.117413921714809,0.00374562643338918,0.016,0,0.0002441352043389966,Newton
synthetic,Newton,0.00316227766016838,50,0.117413921714809,0.00374562643338918,0.0170000000000001,0,0.0002441352043389966,Newton
synthetic,Newton,0.001,50,0.117413921714809,0.00374562643338918,0.022,0,0.0002441352043389966,Newton
synthetic,Newton,0.000316227766016838,119,0.117270180114136,0.00374562643338918,0.0149999999999999,0,0.00010039360366599637,Newton
synthetic,Newton,0.0001,197,0.117177967783335,0.00374562643338918,0.0189999999999999,0,8.181272865004363e-6,Newton
synthetic,Newton,3.16227766016838e-5,205,0.11717797241176,0.00374562643338918,0.0250000000000001,0,8.185901290008735e-6,Newton
synthetic,Newton,1.0e-5,256,0.117171866448368,0.00374562643338918,0.0170000000000001,0,2.0799378979974303e-6,Newton
synthetic,Newton,3.16227766016838e-6,293,0.117170932299362,0.00374562643338918,0.018,0,1.1457888920013426e-6,Newton
synthetic,Newton,1.0e-6,358,0.11717019342709,0.00374562643338918,0.0270000000000001,0,4.06916619996589e-7,Newton
synthetic,Newton,3.16227766016838e-7,492,0.117169961409901,0.00374562643338918,0.0249999999999999,0,1.7489943100745808e-7,Newton
synthetic,Newton,1.0e-7,585,0.117169813869225,0.00374562643338918,0.026,0,2.7358754997597323e-8,Newton
synthetic,Newton,3.16227766016838e-8,690,0.117169800370734,0.00374562643338918,0.036,0,1.386026400596041e-8,Newton
synthetic,Newton,1.0e-8,782,0.117169792218565,0.00374562643338918,0.0329999999999999,0,5.708094996670354e-9,Newton
synthetic,Newton,3.16227766016838e-9,885,0.117169787911979,0.00374562643338918,0.0409999999999999,0,1.4015090060714996e-9,Newton
synthetic,Newton,1.0e-9,1005,0.11716978701368,0.00374562643338918,0.0370000000000001,0,5.032100014457086e-10,Newton
synthetic,Newton,3.16227766016838e-10,1119,0.117169786692484,0.00374562643338918,0.048,0,1.8201400109330024e-10,Newton
synthetic,Newton,1.0e-10,1244,0.11716978658814,0.00374562643338918,0.0449999999999999,0,7.767000931302448e-11,Newton
synthetic,Newton,3.16227766016838e-11,1361,0.117169786549017,0.00374562643338918,0.054,0,3.8546998926136666e-11,Newton
synthetic,Newton,1.0e-11,1510,0.117169786529428,0.00374562643338918,0.0539999999999998,0,1.895800183504548e-11,Newton
synthetic,Newton,3.16227766016838e-12,1672,0.117169786520146,0.00374562643338918,0.0800000000000001,0,9.675996115454666e-12,Newton
synthetic,Newton,1.0e-12,1866,0.117169786513053,0.00374562643338918,0.0590000000000002,0,2.5830032557294658e-12,Newton
synthetic,Newton,3.16227766016838e-13,2072,0.117169786511044,0.00374562643338918,0.0710000000000002,0,5.739991815190137e-13,Newton
synthetic,Newton,1.0e-13,2271,0.11716978651047,0.00374562643338918,0.0750000000000002,0,1.0e-15,Newton
synthetic,modified.Newton,0.1,50,0.11967230958137,0.00374562643338918,0.0180000000000002,0,0.0025025230709000007,modified.Newton
synthetic,modified.Newton,0.0316227766016838,50,0.11967230958137,0.00374562643338918,0.0149999999999997,0,0.0025025230709000007,modified.Newton
synthetic,modified.Newton,0.01,50,0.11967230958137,0.00374562643338918,0.0259999999999998,0,0.0025025230709000007,modified.Newton
synthetic,modified.Newton,0.00316227766016838,50,0.11967230958137,0.00374562643338918,0.016,0,0.0025025230709000007,modified.Newton
synthetic,modified.Newton,0.001,50,0.11967230958137,0.00374562643338918,0.012,0,0.0025025230709000007,modified.Newton
synthetic,modified.Newton,0.000316227766016838,89,0.119070688930061,0.00374562643338918,0.02,0,0.0019009024195909968,modified.Newton
synthetic,modified.Newton,0.0001,170,0.117866002669324,0.00374562643338918,0.016,0,0.0006962161588539989,modified.Newton
synthetic,modified.Newton,3.16227766016838e-5,232,0.117455863201895,0.00374562643338918,0.0169999999999999,0,0.0002860766914249968,modified.Newton
synthetic,modified.Newton,1.0e-5,304,0.117320232530839,0.00374562643338918,0.0249999999999999,0,0.00015044602036899668,modified.Newton
synthetic,modified.Newton,3.16227766016838e-6,391,0.117242947381159,0.00374562643338918,0.024,0,7.31608706889958e-5,modified.Newton
synthetic,modified.Newton,1.0e-6,577,0.117204597025241,0.00374562643338918,0.0249999999999999,0,3.4810514770999834e-5,modified.Newton
synthetic,modified.Newton,3.16227766016838e-7,777,0.117184060215011,0.00374562643338918,0.0460000000000003,0,1.4273704541004073e-5,modified.Newton
synthetic,modified.Newton,1.0e-7,1005,0.117175368146716,0.00374562643338918,0.0500000000000003,0,5.5816362460048285e-6,modified.Newton
synthetic,modified.Newton,3.16227766016838e-8,1295,0.117171763073061,0.00374562643338918,0.0510000000000002,0,1.9765625910023177e-6,modified.Newton
synthetic,modified.Newton,1.0e-8,1668,0.117170518869064,0.00374562643338918,0.052,0,7.323585940050004e-7,modified.Newton
synthetic,modified.Newton,3.16227766016838e-9,2111,0.117170063153437,0.00374562643338918,0.0699999999999998,0,2.766429670064685e-7,modified.Newton
synthetic,modified.Newton,1.0e-9,2644,0.117169891698267,0.00374562643338918,0.0860000000000003,0,1.051877970004167e-7,modified.Newton
synthetic,modified.Newton,3.16227766016838e-10,3282,0.117169823231075,0.00374562643338918,0.105,0,3.6720605001150375e-8,modified.Newton
synthetic,modified.Newton,1.0e-10,4021,0.117169798451837,0.00374562643338918,0.122,0,1.1941367006329529e-8,modified.Newton
synthetic,modified.Newton,3.16227766016838e-11,4837,0.117169790710166,0.00374562643338918,0.14,0,4.199696007622933e-9,modified.Newton
synthetic,modified.Newton,1.0e-11,5732,0.117169787983324,0.00374562643338918,0.178,0,1.4728540054242956e-9,modified.Newton
synthetic,modified.Newton,3.16227766016838e-12,6743,0.117169787037573,0.00374562643338918,0.193,0,5.271030001363641e-10,modified.Newton
synthetic,modified.Newton,1.0e-12,7898,0.117169786719756,0.00374562643338918,0.226,0,2.0928600519276586e-10,modified.Newton
synthetic,modified.Newton,3.16227766016838e-13,9140,0.117169786583929,0.00374562643338918,0.352,0,7.34590027695603e-11,modified.Newton
synthetic,modified.Newton,1.0e-13,10484,0.117169786532489,0.00374562643338918,0.314,0,2.20189977362395e-11,modified.Newton
w1a,Newton,0.1,50,0.0634352169281368,0.00239220465394627,0.0309999999999997,0,5.4510328876211656e-5,Newton
w1a,Newton,0.0316227766016838,50,0.0634352169281368,0.00239220465394627,0.024,0,5.4510328876211656e-5,Newton
w1a,Newton,0.01,50,0.0634352169281368,0.00239220465394627,0.0249999999999995,0,5.4510328876211656e-5,Newton
w1a,Newton,0.00316227766016838,50,0.0634352169281368,0.00239220465394627,0.0289999999999999,0,5.4510328876211656e-5,Newton
w1a,Newton,0.001,62,0.0634352169280846,0.00239220465394627,0.0249999999999995,0,5.451032882400342e-5,Newton
w1a,Newton,0.000316227766016838,83,0.0633894352377139,0.00239220465394627,0.024,0,8.728638453303628e-6,Newton
w1a,Newton,0.0001,154,0.0633840531791844,0.00239220465394627,0.032,0,3.3465799238047156e-6,Newton
w1a,Newton,3.16227766016838e-5,225,0.063382247453228,0.00239220465394627,0.0439999999999996,0,1.5408539674049981e-6,Newton
w1a,Newton,1.0e-5,259,0.0633814496022357,0.00239220465394627,0.0419999999999998,0,7.430029751037681e-7,Newton
w1a,Newton,3.16227766016838e-6,286,0.0633810623434771,0.00239220465394627,0.0510000000000002,0,3.557442165014191e-7,Newton
w1a,Newton,1.0e-6,364,0.0633808469316552,0.00239220465394627,0.0510000000000002,0,1.403323946075341e-7,Newton
w1a,Newton,3.16227766016838e-7,453,0.0633807959561331,0.00239220465394627,0.0520000000000005,0,8.935687251243607e-8,Newton
w1a,Newton,1.0e-7,606,0.0633807199591769,0.00239220465394627,0.0709999999999997,0,1.335991631212785e-8,Newton
w1a,Newton,3.16227766016838e-8,735,0.0633807095055997,0.00239220465394627,0.085,0,2.9063390999395367e-9,Newton
w1a,Newton,1.0e-8,886,0.0633807074109869,0.00239220465394627,0.0899999999999999,0,8.117263111673267e-10,Newton
w1a,Newton,3.16227766016838e-9,1045,0.0633807068279254,0.00239220465394627,0.104,0,2.2866480930971989e-10,Newton
w1a,Newton,1.0e-9,1218,0.0633807066986401,0.00239220465394627,0.113,0,9.93795046255741e-11,Newton
w1a,Newton,3.16227766016838e-10,1421,0.0633807066450114,0.00239220465394627,0.127,0,4.5750805921507265e-11,Newton
w1a,Newton,1.0e-10,1622,0.0633807066255314,0.00239220465394627,0.138,0,2.6270804975858653e-11,Newton
w1a,Newton,3.16227766016838e-11,1840,0.0633807066069146,0.00239220465394627,0.154,0,7.6540024318561e-12,Newton
w1a,Newton,1.0e-11,2091,0.0633807066019185,0.00239220465394627,0.173999999999999,0,2.6579016765282404e-12,Newton
w1a,Newton,3.16227766016838e-12,2354,0.0633807066002595,0.00239220465394627,0.194,0,9.989092886186768e-13,Newton
w1a,Newton,1.0e-12,2692,0.0633807065995394,0.00239220465394627,0.23,0,2.7880475705899244e-13,Newton
w1a,Newton,3.16227766016838e-13,3016,0.0633807065992921,0.00239220465394627,0.235,0,3.1502578323738817e-14,Newton
w1a,Newton,1.0e-13,3302,0.0633807065992606,0.00239220465394627,0.246,0,1.0e-15,Newton
w1a,modified.Newton,0.1,50,0.0650572907905659,0.00239220465394627,0.0279999999999996,0,0.0016765841913052998,modified.Newton
w1a,modified.Newton,0.0316227766016838,50,0.0650572907905659,0.00239220465394627,0.0249999999999995,0,0.0016765841913052998,modified.Newton
w1a,modified.Newton,0.01,50,0.0650572907905659,0.00239220465394627,0.0309999999999997,0,0.0016765841913052998,modified.Newton
w1a,modified.Newton,0.00316227766016838,50,0.0650572907905659,0.00239220465394627,0.0270000000000001,0,0.0016765841913052998,modified.Newton
w1a,modified.Newton,0.001,56,0.0650571416603485,0.00239220465394627,0.0250000000000004,0,0.0016764350610879025,modified.Newton
w1a,modified.Newton,0.000316227766016838,75,0.0650583012972964,0.00239220465394627,0.024,0,0.0016775946980358003,modified.Newton
w1a,modified.Newton,0.0001,130,0.0644422148305985,0.00239220465394627,0.0309999999999997,0,0.0010615082313379098,modified.Newton
w1a,modified.Newton,3.16227766016838e-5,238,0.0637265593004668,0.00239220465394627,0.0390000000000006,0,0.0003458527012062118,modified.Newton
w1a,modified.Newton,1.0e-5,379,0.0634553170035379,0.00239220465394627,0.0499999999999998,0,7.46104042773088e-5,modified.Newton
w1a,modified.Newton,3.16227766016838e-6,575,0.0634046663656827,0.00239220465394627,0.0670000000000002,0,2.3959766422110285e-5,modified.Newton
w1a,modified.Newton,1.0e-6,833,0.0633887290993562,0.00239220465394627,0.0830000000000002,0,8.022500095600238e-6,modified.Newton
w1a,modified.Newton,3.16227766016838e-7,1158,0.063383529492324,0.00239220465394627,0.113,0,2.8228930634005556e-6,modified.Newton
w1a,modified.Newton,1.0e-7,1581,0.0633816308764241,0.00239220465394627,0.162,0,9.242771634998537e-7,modified.Newton
w1a,modified.Newton,3.16227766016838e-8,2032,0.0633810535914096,0.00239220465394627,0.196,0,3.46992149000136e-7,modified.Newton
w1a,modified.Newton,1.0e-8,2551,0.0633808558537746,0.00239220465394627,0.256,0,1.4925451401193168e-7,modified.Newton
w1a,modified.Newton,3.16227766016838e-9,3141,0.0633807735159275,0.00239220465394627,0.302999999999999,0,6.691666690206155e-8,modified.Newton
w1a,modified.Newton,1.0e-9,3817,0.0633807355693492,0.00239220465394627,0.372,0,2.897008860580641e-8,modified.Newton
w1a,modified.Newton,3.16227766016838e-10,4731,0.0633807159952291,0.00239220465394627,0.457000000000001,0,9.3959685032452e-9,modified.Newton
w1a,modified.Newton,1.0e-10,5821,0.0633807094412877,0.00239220465394627,0.584000000000001,0,2.8420270997697727e-9,modified.Newton
w1a,modified.Newton,3.16227766016838e-11,7041,0.06338070751814,0.00239220465394627,0.736000000000001,0,9.188794031222969e-10,modified.Newton
w1a,modified.Newton,1.0e-11,8367,0.0633807069162308,0.00239220465394627,1.159,0,3.1697020008714105e-10,modified.Newton
w1a,modified.Newton,3.16227766016838e-12,9795,0.0633807067197801,0.00239220465394627,1.745,0,1.2051951103764225e-10,modified.Newton
w1a,modified.Newton,1.0e-12,11375,0.0633807066335379,0.00239220465394627,1.736,0,3.427730321803324e-11,modified.Newton
w1a,modified.Newton,3.16227766016838e-13,13080,0.0633807066074707,0.00239220465394627,2.381,0,8.210099267103033e-12,modified.Newton
w1a,modified.Newton,1.0e-13,14858,0.0633807066015412,0.00239220465394627,3.521,0,2.2806062593971888e-12,modified.Newton
news20-3pct,Newton,0.1,50,0.0498542158597898,0.00228639068886428,0.303999999999998,0,0.00011501029558910053,Newton
news20-3pct,Newton,0.0316227766016838,50,0.0498542158597898,0.00228639068886428,0.550999999999998,0,0.00011501029558910053,Newton
news20-3pct,Newton,0.01,50,0.0498542158597898,0.00228639068886428,0.630000000000003,0,0.00011501029558910053,Newton
news20-3pct,Newton,0.00316227766016838,50,0.0498542158597898,0.00228639068886428,0.532,0,0.00011501029558910053,Newton
news20-3pct,Newton,0.001,53,0.0498542158597898,0.00228639068886428,0.587,0,0.00011501029558910053,Newton
news20-3pct,Newton,0.000316227766016838,122,0.0497844319863007,0.00228639068886428,0.686,0,4.522642209999622e-5,Newton
news20-3pct,Newton,0.0001,200,0.0497432238827579,0.00228639068886428,0.569999999999997,0,4.018318557195977e-6,Newton
news20-3pct,Newton,3.16227766016838e-5,222,0.0497431886571291,0.00228639068886428,0.613,0,3.983092928400156e-6,Newton
news20-3pct,Newton,1.0e-5,284,0.0497399200194278,0.00228639068886428,0.648000000000003,0,7.144552270979543e-7,Newton
news20-3pct,Newton,3.16227766016838e-6,337,0.0497394033391645,0.00228639068886428,0.730000000000004,0,1.9777496379491666e-7,Newton
news20-3pct,Newton,1.0e-6,414,0.0497393260590197,0.00228639068886428,0.723999999999997,0,1.2049481899756298e-7,Newton
news20-3pct,Newton,3.16227766016838e-7,481,0.0497392618163538,0.00228639068886428,0.768000000000001,0,5.625215309529308e-8,Newton
news20-3pct,Newton,1.0e-7,576,0.0497392442320382,0.00228639068886428,0.605000000000004,0,3.86678375013938e-8,Newton
news20-3pct,Newton,3.16227766016838e-8,699,0.0497392139404137,0.00228639068886428,0.625999999999998,0,8.376213000982347e-9,Newton
news20-3pct,Newton,1.0e-8,837,0.0497392072128007,0.00228639068886428,0.542000000000002,0,1.6485999995707878e-9,Newton
news20-3pct,Newton,3.16227766016838e-9,991,0.0497392058545333,0.00228639068886428,0.441000000000003,0,2.9033259824062796e-10,Newton
news20-3pct,Newton,1.0e-9,1134,0.0497392056877657,0.00228639068886428,0.463000000000001,0,1.2356499851096103e-10,Newton
news20-3pct,Newton,3.16227766016838e-10,1288,0.049739205612434,0.00228639068886428,0.517000000000003,0,4.8233299299038634e-11,Newton
news20-3pct,Newton,1.0e-10,1457,0.0497392055960209,0.00228639068886428,0.485999999999997,0,3.1820199253296266e-11,Newton
news20-3pct,Newton,3.16227766016838e-11,1641,0.0497392055891188,0.00228639068886428,0.503999999999998,0,2.4918095364867554e-11,Newton
news20-3pct,Newton,1.0e-11,1835,0.0497392055685386,0.00228639068886428,0.527000000000001,0,4.337898096284931e-12,Newton
news20-3pct,Newton,3.16227766016838e-12,2034,0.049739205565446,0.00228639068886428,0.557000000000002,0,1.2452955333586146e-12,Newton
news20-3pct,Newton,1.0e-12,2257,0.0497392055644845,0.00228639068886428,0.582999999999998,0,2.8380076066980564e-13,Newton
news20-3pct,Newton,3.16227766016838e-13,2479,0.0497392055643436,0.00228639068886428,0.618000000000002,0,1.4289958105706546e-13,Newton
news20-3pct,Newton,1.0e-13,2754,0.0497392055642007,0.00228639068886428,0.645000000000003,0,1.0e-15,Newton
news20-3pct,modified.Newton,0.1,50,0.0506203942099944,0.00228639068886428,0.319000000000003,0,0.0008811886457937013,modified.Newton
news20-3pct,modified.Newton,0.0316227766016838,50,0.0506203942099944,0.00228639068886428,0.314999999999998,0,0.0008811886457937013,modified.Newton
news20-3pct,modified.Newton,0.01,50,0.0506203942099944,0.00228639068886428,0.320999999999998,0,0.0008811886457937013,modified.Newton
news20-3pct,modified.Newton,0.00316227766016838,50,0.0506203942099944,0.00228639068886428,0.327000000000005,0,0.0008811886457937013,modified.Newton
news20-3pct,modified.Newton,0.001,56,0.0506203397137614,0.00228639068886428,0.317999999999998,0,0.0008811341495606959,modified.Newton
news20-3pct,modified.Newton,0.000316227766016838,95,0.0501191408427248,0.00228639068886428,0.334000000000003,0,0.00037993527852409753,modified.Newton
news20-3pct,modified.Newton,0.0001,179,0.0498621220827126,0.00228639068886428,0.335999999999999,0,0.00012291651851190077,modified.Newton
news20-3pct,modified.Newton,3.16227766016838e-5,268,0.0497912726591647,0.00228639068886428,0.339999999999996,0,5.206709496399786e-5,modified.Newton
news20-3pct,modified.Newton,1.0e-5,375,0.0497686504975179,0.00228639068886428,0.343000000000004,0,2.944493331719783e-5,modified.Newton
news20-3pct,modified.Newton,3.16227766016838e-6,515,0.0497557894008201,0.00228639068886428,0.353999999999999,0,1.6583836619399328e-5,modified.Newton
news20-3pct,modified.Newton,1.0e-6,759,0.0497502268320067,0.00228639068886428,0.375,0,1.1021267805999546e-5,modified.Newton
news20-3pct,modified.Newton,3.16227766016838e-7,1044,0.0497442343842696,0.00228639068886428,0.402999999999999,0,5.028820068898876e-6,modified.Newton
news20-3pct,modified.Newton,1.0e-7,1375,0.0497414512636179,0.00228639068886428,0.429000000000002,0,2.2456994171957123e-6,modified.Newton
news20-3pct,modified.Newton,3.16227766016838e-8,1810,0.0497400814643629,0.00228639068886428,0.467000000000006,0,8.75900162199128e-7,modified.Newton
news20-3pct,modified.Newton,1.0e-8,2331,0.0497395010372115,0.00228639068886428,0.509999999999998,0,2.954730108015169e-7,modified.Newton
news20-3pct,modified.Newton,3.16227766016838e-9,2955,0.0497392970516327,0.00228639068886428,0.584000000000003,0,9.148743199821618e-8,modified.Newton
news20-3pct,modified.Newton,1.0e-9,3669,0.0497392336091548,0.00228639068886428,0.646000000000001,0,2.8044954095141073e-8,modified.Newton
news20-3pct,modified.Newton,3.16227766016838e-10,4479,0.049739214017006,0.00228639068886428,0.811999999999998,0,8.452805295988686e-9,modified.Newton
news20-3pct,modified.Newton,1.0e-10,5390,0.0497392081078855,0.00228639068886428,1.414,0,2.5436847975179866e-9,modified.Newton
news20-3pct,modified.Newton,3.16227766016838e-11,6397,0.0497392063626948,0.00228639068886428,1.127,0,7.984940972316501e-10,modified.Newton
news20-3pct,modified.Newton,1.0e-11,7528,0.0497392058131716,0.00228639068886428,1.093,0,2.4897089945241646e-10,modified.Newton
news20-3pct,modified.Newton,3.16227766016838e-12,8752,0.0497392056406266,0.00228639068886428,1.259,0,7.642590033052343e-11,modified.Newton
news20-3pct,modified.Newton,1.0e-12,10064,0.0497392055869934,0.00228639068886428,1.417,0,2.2792698284312962e-11,modified.Newton
news20-3pct,modified.Newton,3.16227766016838e-13,11481,0.0497392055706548,0.00228639068886428,1.618,0,6.454101142416846e-12,modified.Newton
news20-3pct,modified.Newton,1.0e-13,12972,0.0497392055660797,0.00228639068886428,1.772,0,1.878996958026846e-12,modified.Newton
