n,p_K,Fstar,passes,time,final_relgap,reg,strategy,amplitude,gaps,primals,reached_tol,dual_relgaps,dual_cert,it,pass,K,s,relgaps,p
500,0.05,146.30070252466783,1000,1.5974044799804688e-5,2.2616595911789793e-6,0.05,gradient,0.5,658.418253692388,804.7189562170558,false,Float64(1000),5.0413609193264335e-5,1,1,5,5,4.500444921522997,200
500,0.05,146.30070252466783,1000,0.030896902084350586,2.2616595911789793e-6,0.05,gradient,0.5,268.85403563512654,415.15473815979436,false,Float64(1000),5.0413609193264335e-5,1,2,5,5,1.8376810978730258,200
500,0.05,146.30070252466783,1000,0.06409788131713867,2.2616595911789793e-6,0.05,gradient,0.5,125.38519087317411,271.68589339784194,false,Float64(1000),5.0413609193264335e-5,1,3,5,5,0.8570375173149484,200
500,0.05,146.30070252466783,1000,0.08735895156860352,2.2616595911789793e-6,0.05,gradient,0.5,76.08244857882443,222.38315110349225,false,Float64(1000),5.0413609193264335e-5,1,4,5,5,0.5200415805658631,200
500,0.05,146.30070252466783,1000,0.10382699966430664,2.2616595911789793e-6,0.05,gradient,0.5,53.10506157261955,199.40576409728737,false,Float64(1000),5.0413609193264335e-5,1,5,5,5,0.362985690814885,200
500,0.05,146.30070252466783,1000,0.11731791496276855,2.2616595911789793e-6,0.05,gradient,0.5,40.2799526890181,186.58065521368593,false,Float64(1000),5.0413609193264335e-5,1,6,5,5,0.27532302985507867,200
500,0.05,146.30070252466783,1000,0.13009405136108398,2.2616595911789793e-6,0.05,gradient,0.5,32.20978676246506,178.51048928713288,false,Float64(1000),5.0413609193264335e-5,1,7,5,5,0.22016153173997335,200
500,0.05,146.30070252466783,1000,0.14100408554077148,2.2616595911789793e-6,0.05,gradient,0.5,26.68507554332075,172.98577806798858,false,Float64(1000),5.0413609193264335e-5,1,8,5,5,0.18239882025734885,200
500,0.05,146.30070252466783,1000,0.15207409858703613,2.2616595911789793e-6,0.05,gradient,0.5,22.71672660404505,169.01742912871288,false,Float64(1000),5.0413609193264335e-5,1,9,5,5,0.15527421408119876,200
500,0.05,146.30070252466783,1000,0.16379094123840332,2.2616595911789793e-6,0.05,gradient,0.5,19.72900805736657,166.0297105820344,false,Float64(1000),5.0413609193264335e-5,1,10,5,5,0.13485244921527328,200
500,0.05,146.30070252466783,1000,0.17474889755249023,2.2616595911789793e-6,0.05,gradient,0.5,17.40840297023803,163.70910549490586,false,Float64(1000),5.0413609193264335e-5,1,11,5,5,0.11899056306515542,200
500,0.05,146.30070252466783,1000,0.18600988388061523,2.2616595911789793e-6,0.05,gradient,0.5,15.55672202845966,161.8574245531275,false,Float64(1000),5.0413609193264335e-5,1,12,5,5,0.10633388466358618,200
500,0.05,146.30070252466783,1000,0.20631194114685059,2.2616595911789793e-6,0.05,gradient,0.5,14.053208562204759,160.35391108687259,false,Float64(1000),5.0413609193264335e-5,1,13,5,5,0.09605701353235294,200
500,0.05,146.30070252466783,1000,0.21498394012451172,2.2616595911789793e-6,0.05,gradient,0.5,12.815629713158671,159.1163322378265,false,Float64(1000),5.0413609193264335e-5,1,14,5,5,0.08759786858164828,200
500,0.05,146.30070252466783,1000,0.22292304039001465,2.2616595911789793e-6,0.05,gradient,0.5,11.778500340315304,158.07920286498313,false,Float64(1000),5.0413609193264335e-5,1,15,5,5,0.0805088433415371,200
500,0.05,146.30070252466783,1000,0.2308800220489502,2.2616595911789793e-6,0.05,gradient,0.5,10.898441698616978,157.1991442232848,false,Float64(1000),5.0413609193264335e-5,1,16,5,5,0.0744934338013817,200
500,0.05,146.30070252466783,1000,0.23812198638916016,2.2616595911789793e-6,0.05,gradient,0.5,10.142456827413639,156.44315935208147,false,Float64(1000),5.0413609193264335e-5,1,17,5,5,0.0693260979092258,200
500,0.05,146.30070252466783,1000,0.24538803100585938,2.2616595911789793e-6,0.05,gradient,0.5,9.488947954241667,155.7896504789095,false,Float64(1000),5.0413609193264335e-5,1,18,5,5,0.06485920976792119,200
500,0.05,146.30070252466783,1000,0.2526590824127197,2.2616595911789793e-6,0.05,gradient,0.5,8.917146735811855,155.21784926047968,false,Float64(1000),5.0413609193264335e-5,1,19,5,5,0.06095081282544307,200
500,0.05,146.30070252466783,1000,0.2594928741455078,2.2616595911789793e-6,0.05,gradient,0.5,8.412274862337568,154.7129773870054,false,Float64(1000),5.0413609193264335e-5,1,20,5,5,0.05749989382941734,200
500,0.05,146.30070252466783,1000,0.2662489414215088,2.2616595911789793e-6,0.05,gradient,0.5,7.963871853145633,154.26457437781346,false,Float64(1000),5.0413609193264335e-5,1,21,5,5,0.05443495291352303,200
500,0.05,146.30070252466783,1000,0.27339696884155273,2.2616595911789793e-6,0.05,gradient,0.5,7.5628592528386775,153.8635617775065,false,Float64(1000),5.0413609193264335e-5,1,22,5,5,0.051693936681975264,200
500,0.05,146.30070252466783,1000,0.2802860736846924,2.2616595911789793e-6,0.05,gradient,0.5,7.201905201866197,153.50260772653402,false,Float64(1000),5.0413609193264335e-5,1,23,5,5,0.04922673013584388,200
500,0.05,146.30070252466783,1000,0.28756093978881836,2.2616595911789793e-6,0.05,gradient,0.5,6.875047831623192,153.17575035629102,false,Float64(1000),5.0413609193264335e-5,1,24,5,5,0.046992582489233006,200
500,0.05,146.30070252466783,1000,0.2952148914337158,2.2616595911789793e-6,0.05,gradient,0.5,6.5785001934428635,152.8792027181107,false,Float64(1000),5.0413609193264335e-5,1,25,5,5,0.04496560904985169,200
500,0.05,146.30070252466783,1000,0.3031759262084961,2.2616595911789793e-6,0.05,gradient,0.5,6.308005561250411,152.60870808591824,false,Float64(1000),5.0413609193264335e-5,1,26,5,5,0.04311671408540786,200
500,0.05,146.30070252466783,1000,0.31262898445129395,2.2616595911789793e-6,0.05,gradient,0.5,6.059892149849929,152.36059467451776,false,Float64(1000),5.0413609193264335e-5,1,27,5,5,0.041420800073247555,200
500,0.05,146.30070252466783,1000,0.31975507736206055,2.2616595911789793e-6,0.05,gradient,0.5,5.831216672345533,152.13191919701336,false,Float64(1000),5.0413609193264335e-5,1,28,5,5,0.03985774894937589,200
500,0.05,146.30070252466783,1000,0.32697200775146484,2.2616595911789793e-6,0.05,gradient,0.5,5.620086371029316,151.92078889569714,false,Float64(1000),5.0413609193264335e-5,1,29,5,5,0.03841462326595261,200
500,0.05,146.30070252466783,1000,0.33420801162719727,2.2616595911789793e-6,0.05,gradient,0.5,5.424079157982703,151.72478168265053,false,Float64(1000),5.0413609193264335e-5,1,30,5,5,0.037074867477605904,200
500,0.05,146.30070252466783,1000,0.3409690856933594,2.2616595911789793e-6,0.05,gradient,0.5,5.243068759561169,151.543771284229,false,Float64(1000),5.0413609193264335e-5,1,31,5,5,0.03583761847402703,200
500,0.05,146.30070252466783,1000,0.3480570316314697,2.2616595911789793e-6,0.05,gradient,0.5,5.075394913676831,151.37609743834466,false,Float64(1000),5.0413609193264335e-5,1,32,5,5,0.03469152797007975,200
500,0.05,146.30070252466783,1000,0.355820894241333,2.2616595911789793e-6,0.05,gradient,0.5,4.919327617591819,151.22003014225965,false,Float64(1000),5.0413609193264335e-5,1,33,5,5,0.033624770986744705,200
500,0.05,146.30070252466783,1000,0.36295390129089355,2.2616595911789793e-6,0.05,gradient,0.5,4.773503361894768,151.0742058865626,false,Float64(1000),5.0413609193264335e-5,1,34,5,5,0.03262802761381071,200
500,0.05,146.30070252466783,1000,0.37007594108581543,2.2616595911789793e-6,0.05,gradient,0.5,4.637046861193937,150.93774938586176,false,Float64(1000),5.0413609193264335e-5,1,35,5,5,0.031695315068033136,200
500,0.05,146.30070252466783,1000,0.37678098678588867,2.2616595911789793e-6,0.05,gradient,0.5,4.509039268745539,150.80974179341337,false,Float64(1000),5.0413609193264335e-5,1,36,5,5,0.03082035281399464,200
500,0.05,146.30070252466783,1000,0.3830440044403076,2.2616595911789793e-6,0.05,gradient,0.5,4.388628840240017,150.68933136490784,false,Float64(1000),5.0413609193264335e-5,1,37,5,5,0.0299973189773306,200
500,0.05,146.30070252466783,1000,0.3910090923309326,2.2616595911789793e-6,0.05,gradient,0.5,4.275061333088132,150.57576385775596,false,Float64(1000),5.0413609193264335e-5,1,38,5,5,0.029221058131059297,200
500,0.05,146.30070252466783,1000,0.39758801460266113,2.2616595911789793e-6,0.05,gradient,0.5,4.167719562455659,150.46842208712349,false,Float64(1000),5.0413609193264335e-5,1,39,5,5,0.028487351670460626,200
500,0.05,146.30070252466783,1000,0.4041590690612793,2.2616595911789793e-6,0.05,gradient,0.5,4.065997699256513,150.36670022392434,false,Float64(1000),5.0413609193264335e-5,1,40,5,5,0.027792058610046275,200
500,0.05,146.30070252466783,1000,0.41097092628479004,2.2616595911789793e-6,0.05,gradient,0.5,3.9694708713604427,150.27017339602827,false,Float64(1000),5.0413609193264335e-5,1,41,5,5,0.02713227484803874,200
500,0.05,146.30070252466783,1000,0.4172680377960205,2.2616595911789793e-6,0.05,gradient,0.5,3.8777121426653594,150.1784146673332,false,Float64(1000),5.0413609193264335e-5,1,42,5,5,0.026505082174923505,200
500,0.05,146.30070252466783,1000,0.42347002029418945,2.2616595911789793e-6,0.05,gradient,0.5,3.790242085911615,150.09094461057944,false,Float64(1000),5.0413609193264335e-5,1,43,5,5,0.025907203591674758,200
500,0.05,146.30070252466783,1000,0.4295010566711426,2.2616595911789793e-6,0.05,gradient,0.5,3.706811628367177,150.007514153035,false,Float64(1000),5.0413609193264335e-5,1,44,5,5,0.025336936627096303,200
500,0.05,146.30070252466783,1000,0.4352550506591797,2.2616595911789793e-6,0.05,gradient,0.5,3.627003231264581,149.9277057559324,false,Float64(1000),5.0413609193264335e-5,1,45,5,5,0.024791427304684543,200
500,0.05,146.30070252466783,1000,0.441072940826416,2.2616595911789793e-6,0.05,gradient,0.5,3.5506310525082085,149.85133357717604,false,Float64(1000),5.0413609193264335e-5,1,46,5,5,0.024269405349639624,200
500,0.05,146.30070252466783,1000,0.4485189914703369,2.2616595911789793e-6,0.05,gradient,0.5,3.4773637519211604,149.778066276589,false,Float64(1000),5.0413609193264335e-5,1,47,5,5,0.023768605973268245,200
500,0.05,146.30070252466783,1000,0.4548459053039551,2.2616595911789793e-6,0.05,gradient,0.5,3.4070220719475515,149.70772459661538,false,Float64(1000),5.0413609193264335e-5,1,48,5,5,0.02328780390766129,200
500,0.05,146.30070252466783,1000,0.4613308906555176,2.2616595911789793e-6,0.05,gradient,0.5,3.3393935407549975,149.64009606542282,false,Float64(1000),5.0413609193264335e-5,1,49,5,5,0.022825546857452313,200
500,0.05,146.30070252466783,1000,0.46745800971984863,2.2616595911789793e-6,0.05,gradient,0.5,3.274300143169995,149.57500266783782,false,Float64(1000),5.0413609193264335e-5,1,50,5,5,0.022380618046710432,200
500,0.05,146.30070252466783,1000,0.47351503372192383,2.2616595911789793e-6,0.05,gradient,0.5,3.2115311792013017,149.51223370386913,false,Float64(1000),5.0413609193264335e-5,1,51,5,5,0.02195157729102363,200
500,0.05,146.30070252466783,1000,0.47984790802001953,2.2616595911789793e-6,0.05,gradient,0.5,3.1510156907306452,149.45171821539847,false,Float64(1000),5.0413609193264335e-5,1,52,5,5,0.021537939574824333,200
500,0.05,146.30070252466783,1000,0.4860689640045166,2.2616595911789793e-6,0.05,gradient,0.5,3.092545793828293,149.39324831849612,false,Float64(1000),5.0413609193264335e-5,1,53,5,5,0.021138283962148834,200
500,0.05,146.30070252466783,1000,0.49324989318847656,2.2616595911789793e-6,0.05,gradient,0.5,3.0360074191952435,149.33670994386307,false,Float64(1000),5.0413609193264335e-5,1,54,5,5,0.020751830762284554,200
500,0.05,146.30070252466783,1000,0.4997079372406006,2.2616595911789793e-6,0.05,gradient,0.5,2.9812732103995927,149.28197573506742,false,Float64(1000),5.0413609193264335e-5,1,55,5,5,0.02037770946381422,200
500,0.05,146.30070252466783,1000,0.5057799816131592,2.2616595911789793e-6,0.05,gradient,0.5,2.928228797896452,149.22893132256428,false,Float64(1000),5.0413609193264335e-5,1,56,5,5,0.020015138323773406,200
500,0.05,146.30070252466783,1000,0.5117659568786621,2.2616595911789793e-6,0.05,gradient,0.5,2.8767828717230373,149.17748539639086,false,Float64(1000),5.0413609193264335e-5,1,57,5,5,0.019663493216910435,200
500,0.05,146.30070252466783,1000,0.5177018642425537,2.2616595911789793e-6,0.05,gradient,0.5,2.82683537967813,149.12753790434596,false,Float64(1000),5.0413609193264335e-5,1,58,5,5,0.01932209026270052,200
500,0.05,146.30070252466783,1000,0.5241780281066895,2.2616595911789793e-6,0.05,gradient,0.5,2.778304549230853,149.07900707389868,false,Float64(1000),5.0413609193264335e-5,1,59,5,5,0.018990370526501075,200
500,0.05,146.30070252466783,1000,0.5299198627471924,2.2616595911789793e-6,0.05,gradient,0.5,2.7311171268849534,149.03181965155278,false,Float64(1000),5.0413609193264335e-5,1,60,5,5,0.018667833303291612,200
500,0.05,146.30070252466783,1000,0.5356628894805908,2.2616595911789793e-6,0.05,gradient,0.5,2.685195251583025,148.98589777625085,false,Float64(1000),5.0413609193264335e-5,1,61,5,5,0.018353946394278408,200
500,0.05,146.30070252466783,1000,0.5410950183868408,2.2616595911789793e-6,0.05,gradient,0.5,2.6404790470215005,148.94118157168933,false,Float64(1000),5.0413609193264335e-5,1,62,5,5,0.018048300530725668,200
500,0.05,146.30070252466783,1000,0.5465099811553955,2.2616595911789793e-6,0.05,gradient,0.5,2.5969025491933735,148.8976050738612,false,Float64(1000),5.0413609193264335e-5,1,63,5,5,0.017750444833000777,200
500,0.05,146.30070252466783,1000,0.5527448654174805,2.2616595911789793e-6,0.05,gradient,0.5,2.554416342160266,148.8551188668281,false,Float64(1000),5.0413609193264335e-5,1,64,5,5,0.0174600415314449,200
500,0.05,146.30070252466783,1000,0.5586109161376953,2.2616595911789793e-6,0.05,gradient,0.5,2.5129609244475546,148.81366344911538,false,Float64(1000),5.0413609193264335e-5,1,65,5,5,0.017176683919366983,200
500,0.05,146.30070252466783,1000,0.5643699169158936,2.2616595911789793e-6,0.05,gradient,0.5,2.472491287663445,148.77319381233127,false,Float64(1000),5.0413609193264335e-5,1,66,5,5,0.01690006435373444,200
500,0.05,146.30070252466783,1000,0.5709869861602783,2.2616595911789793e-6,0.05,gradient,0.5,2.432970122283024,148.73367264695085,false,Float64(1000),5.0413609193264335e-5,1,67,5,5,0.016629927815095757,200
500,0.05,146.30070252466783,1000,0.5771579742431641,2.2616595911789793e-6,0.05,gradient,0.5,2.3943635775361543,148.69506610220398,false,Float64(1000),5.0413609193264335e-5,1,68,5,5,0.016366042925408643,200
500,0.05,146.30070252466783,1000,0.5834119319915771,2.2616595911789793e-6,0.05,gradient,0.5,2.3566291977597302,148.65733172242756,false,Float64(1000),5.0413609193264335e-5,1,69,5,5,0.01610811949014652,200
500,0.05,146.30070252466783,1000,0.5900380611419678,2.2616595911789793e-6,0.05,gradient,0.5,2.3197287342093205,148.62043125887715,false,Float64(1000),5.0413609193264335e-5,1,70,5,5,0.015855896070069726,200
500,0.05,146.30070252466783,1000,0.5962929725646973,2.2616595911789793e-6,0.05,gradient,0.5,2.2836233148727274,148.58432583954055,false,Float64(1000),5.0413609193264335e-5,1,71,5,5,0.015609106965755579,200
500,0.05,146.30070252466783,1000,0.6026608943939209,2.2616595911789793e-6,0.05,gradient,0.5,2.2482845589118483,148.54898708357968,false,Float64(1000),5.0413609193264335e-5,1,72,5,5,0.015367558187444548,200
500,0.05,146.30070252466783,1000,0.6091010570526123,2.2616595911789793e-6,0.05,gradient,0.5,2.2136865016223055,148.51438902629013,false,Float64(1000),5.0413609193264335e-5,1,73,5,5,0.015131072260224143,200
500,0.05,146.30070252466783,1000,0.6153419017791748,2.2616595911789793e-6,0.05,gradient,0.5,2.1797988570173175,148.48050138168514,false,Float64(1000),5.0413609193264335e-5,1,74,5,5,0.014899442172191761,200
500,0.05,146.30070252466783,1000,0.6227340698242188,2.2616595911789793e-6,0.05,gradient,0.5,2.146595939896798,148.44729846456462,false,Float64(1000),5.0413609193264335e-5,1,75,5,5,0.014672492358913039,200
500,0.05,146.30070252466783,1000,0.6290769577026367,2.2616595911789793e-6,0.05,gradient,0.5,2.114067481985643,148.41477000665347,false,Float64(1000),5.0413609193264335e-5,1,76,5,5,0.0144501526342923,200
500,0.05,146.30070252466783,1000,0.6354219913482666,2.2616595911789793e-6,0.05,gradient,0.5,2.0821776687503757,148.3828801934182,false,Float64(1000),5.0413609193264335e-5,1,77,5,5,0.014232178197499078,200
500,0.05,146.30070252466783,1000,0.6419808864593506,2.2616595911789793e-6,0.05,gradient,0.5,2.050913426928304,148.35161595159613,false,Float64(1000),5.0413609193264335e-5,1,78,5,5,0.014018479689682272,200
500,0.05,146.30070252466783,1000,0.6483490467071533,2.2616595911789793e-6,0.05,gradient,0.5,2.0202460516696306,148.32094857633746,false,Float64(1000),5.0413609193264335e-5,1,79,5,5,0.013808860906385572,200
500,0.05,146.30070252466783,1000,0.6549038887023926,2.2616595911789793e-6,0.05,gradient,0.5,1.9901638516129765,148.2908663762808,false,Float64(1000),5.0413609193264335e-5,1,80,5,5,0.013603241934381102,200
500,0.05,146.30070252466783,1000,0.6611320972442627,2.2616595911789793e-6,0.05,gradient,0.5,1.9606407940506756,148.2613433187185,false,Float64(1000),5.0413609193264335e-5,1,81,5,5,0.013401444833937766,200
500,0.05,146.30070252466783,1000,0.6672379970550537,2.2616595911789793e-6,0.05,gradient,0.5,1.9316661049148252,148.23236862958265,false,Float64(1000),5.0413609193264335e-5,1,82,5,5,0.013203395961746158,200
500,0.05,146.30070252466783,1000,0.6739909648895264,2.2616595911789793e-6,0.05,gradient,0.5,1.9032205146491208,148.20392303931695,false,Float64(1000),5.0413609193264335e-5,1,83,5,5,0.013008963605818762,200
500,0.05,146.30070252466783,1000,0.6802730560302734,2.2616595911789793e-6,0.05,gradient,0.5,1.8752913921615004,148.17599391682933,false,Float64(1000),5.0413609193264335e-5,1,84,5,5,0.012818061429645608,200
500,0.05,146.30070252466783,1000,0.6868150234222412,2.2616595911789793e-6,0.05,gradient,0.5,1.8478631958457186,148.14856572051355,false,Float64(1000),5.0413609193264335e-5,1,85,5,5,0.012630583202661994,200
500,0.05,146.30070252466783,1000,0.6935720443725586,2.2616595911789793e-6,0.05,gradient,0.5,1.8209422570799916,148.12164478174782,false,Float64(1000),5.0413609193264335e-5,1,86,5,5,0.012446572201339646,200
500,0.05,146.30070252466783,1000,0.6997919082641602,2.2616595911789793e-6,0.05,gradient,0.5,1.7944950208636214,148.09519754553145,false,Float64(1000),5.0413609193264335e-5,1,87,5,5,0.01226579906929053,200
500,0.05,146.30070252466783,1000,0.7061450481414795,2.2616595911789793e-6,0.05,gradient,0.5,1.768512456314653,148.06921498098248,false,Float64(1000),5.0413609193264335e-5,1,88,5,5,0.012088202078294624,200
500,0.05,146.30070252466783,1000,0.7121129035949707,2.2616595911789793e-6,0.05,gradient,0.5,1.7429816782097305,148.04368420287756,false,Float64(1000),5.0413609193264335e-5,1,89,5,5,0.011913693154794288,200
500,0.05,146.30070252466783,1000,0.7179749011993408,2.2616595911789793e-6,0.05,gradient,0.5,1.717898583986539,148.01860110865437,false,Float64(1000),5.0413609193264335e-5,1,90,5,5,0.011742244256803097,200
500,0.05,146.30070252466783,1000,0.7242679595947266,2.2616595911789793e-6,0.05,gradient,0.5,1.693244509803094,147.99394703447092,false,Float64(1000),5.0413609193264335e-5,1,91,5,5,0.011573727812534565,200
500,0.05,146.30070252466783,1000,0.7301089763641357,2.2616595911789793e-6,0.05,gradient,0.5,1.6690119131139625,147.9697144377818,false,Float64(1000),5.0413609193264335e-5,1,92,5,5,0.011408092266901792,200
500,0.05,146.30070252466783,1000,0.7362508773803711,2.2616595911789793e-6,0.05,gradient,0.5,1.6451958760470689,147.9458984007149,false,Float64(1000),5.0413609193264335e-5,1,93,5,5,0.011245304005082762,200
500,0.05,146.30070252466783,1000,0.7424790859222412,2.2616595911789793e-6,0.05,gradient,0.5,1.621775154334017,147.92247767900184,false,Float64(1000),5.0413609193264335e-5,1,94,5,5,0.01108521781746447,200
500,0.05,146.30070252466783,1000,0.7487058639526367,2.2616595911789793e-6,0.05,gradient,0.5,1.5987460255124404,147.89944855018027,false,Float64(1000),5.0413609193264335e-5,1,95,5,5,0.010927808260133781,200
500,0.05,146.30070252466783,1000,0.7554020881652832,2.2616595911789793e-6,0.05,gradient,0.5,1.5761016134377996,147.87680413810563,false,Float64(1000),5.0413609193264335e-5,1,96,5,5,0.010773028333011952,200
500,0.05,146.30070252466783,1000,0.7616050243377686,2.2616595911789793e-6,0.05,gradient,0.5,1.553829096017239,147.85453162068507,false,Float64(1000),5.0413609193264335e-5,1,97,5,5,0.010620790394053283,200
500,0.05,146.30070252466783,1000,0.7683300971984863,2.2616595911789793e-6,0.05,gradient,0.5,1.5319235346850064,147.83262605935283,false,Float64(1000),5.0413609193264335e-5,1,98,5,5,0.010471060686989579,200
500,0.05,146.30070252466783,1000,0.774224042892456,2.2616595911789793e-6,0.05,gradient,0.5,1.5103848145823804,147.8110873392502,false,Float64(1000),5.0413609193264335e-5,1,99,5,5,0.010323838426734238,200
500,0.05,146.30070252466783,1000,0.7800960540771484,2.2616595911789793e-6,0.05,gradient,0.5,1.4892093876093213,147.78991191227715,false,Float64(1000),5.0413609193264335e-5,1,100,5,5,0.01017909936118198,200
500,0.02,255.8480867890387,20,0.042307138442993164,1.0e-20,0.05,exact,2.0,11.442239051189063,267.29032584022775,true,Float64(33),7.563500487042623e-6,3,4,5,5,0.04472278528556612,200
500,0.02,255.8480867890387,20,0.05151700973510742,1.0e-20,0.05,exact,2.0,4.607362199974716,260.4554489890134,true,Float64(33),7.563500487042623e-6,3,5,5,5,0.018008194854213424,200
500,0.02,255.8480867890387,20,0.059561967849731445,1.0e-20,0.05,exact,2.0,2.016391881104198,257.8644786701429,true,Float64(33),7.563500487042623e-6,3,6,5,5,0.007881207580679811,200
500,0.02,255.8480867890387,20,0.06580615043640137,1.0e-20,0.05,exact,2.0,1.045906914322643,256.89399370336133,true,Float64(33),7.563500487042623e-6,3,7,5,5,0.00408799974801083,200
500,0.02,255.8480867890387,20,0.07135701179504395,1.0e-20,0.05,exact,2.0,0.5724840321630609,256.42057082120175,true,Float64(33),7.563500487042623e-6,3,8,5,5,0.0022375935632268635,200
500,0.02,255.8480867890387,20,0.07669997215270996,1.0e-20,0.05,exact,2.0,0.32730628257530725,256.175393071614,true,Float64(33),7.563500487042623e-6,3,9,5,5,0.0012792993165713603,200
500,0.02,255.8480867890387,20,0.08173418045043945,1.0e-20,0.05,exact,2.0,0.18172591278488426,256.0298127018236,true,Float64(33),7.563500487042623e-6,3,10,5,5,0.0007102883397159331,200
500,0.02,255.8480867890387,20,0.08696317672729492,1.0e-20,0.05,exact,2.0,0.09977612506355626,255.94786291410225,true,Float64(33),7.563500487042623e-6,3,11,5,5,0.0003899819080758941,200
500,0.02,255.8480867890387,20,0.09169411659240723,1.0e-20,0.05,exact,2.0,0.05770091051255122,255.90578769955124,true,Float64(33),7.563500487042623e-6,3,12,5,5,0.00022552801248863316,200
500,0.02,255.8480867890387,20,0.09663796424865723,1.0e-20,0.05,exact,2.0,0.0332644071996242,255.8813511962383,true,Float64(33),7.563500487042623e-6,3,13,5,5,0.00013001624369015743,200
500,0.02,255.8480867890387,20,0.10130500793457031,1.0e-20,0.05,exact,2.0,0.018360396763142717,255.86644718580183,true,Float64(33),7.563500487042623e-6,3,14,5,5,7.176288473981011e-5,200
500,0.02,255.8480867890387,20,0.10591697692871094,1.0e-20,0.05,exact,2.0,0.00871778931315248,255.85680457835184,true,Float64(33),7.563500487042623e-6,3,15,5,5,3.407408444035305e-5,200
500,0.02,255.8480867890387,20,0.11079716682434082,1.0e-20,0.05,exact,2.0,0.003523974879783509,255.85161076391847,true,Float64(33),7.563500487042623e-6,3,16,5,5,1.3773700339175204e-5,200
500,0.02,255.8480867890387,20,0.11540102958679199,1.0e-20,0.05,exact,2.0,0.001520860911739419,255.84960764995043,true,Float64(33),7.563500487042623e-6,3,17,5,5,5.944390403018551e-6,200
500,0.02,255.8480867890387,20,0.12041711807250977,1.0e-20,0.05,exact,2.0,0.0006736205419315411,255.84876040958062,true,Float64(33),7.563500487042623e-6,3,18,5,5,2.632892629316316e-6,200
500,0.02,255.8480867890387,20,0.12544012069702148,1.0e-20,0.05,exact,2.0,0.00030320926958893324,255.84838999830828,true,Float64(33),7.563500487042623e-6,3,19,5,5,1.185114469270769e-6,200
500,0.02,255.8480867890387,20,0.12979412078857422,1.0e-20,0.05,exact,2.0,0.0001388027236544076,255.84822559176234,true,Float64(33),7.563500487042623e-6,3,20,5,5,5.42520076645554e-7,200
500,0.02,255.8480867890387,20,0.13439512252807617,1.0e-20,0.05,exact,2.0,6.446057349762668e-5,255.8481512496122,true,Float64(33),7.563500487042623e-6,3,21,5,5,2.519486243052429e-7,200
500,0.02,255.8480867890387,20,0.1388859748840332,1.0e-20,0.05,exact,2.0,3.037918452264421e-5,255.8481171682232,true,Float64(33),7.563500487042623e-6,3,22,5,5,1.1873915065737261e-7,200
500,0.02,255.8480867890387,20,0.14372515678405762,1.0e-20,0.05,exact,2.0,1.4515840177864447e-5,255.84810130487887,true,Float64(33),7.563500487042623e-6,3,23,5,5,5.673616856018777e-8,200
500,0.02,255.8480867890387,20,0.1481020450592041,1.0e-20,0.05,exact,2.0,7.026267837773048e-6,255.84809381530653,true,Float64(33),7.563500487042623e-6,3,24,5,5,2.7462655382553654e-8,200
500,0.02,255.8480867890387,20,0.15247416496276855,1.0e-20,0.05,exact,2.0,3.4420724261963187e-6,255.84809023111112,true,Float64(33),7.563500487042623e-6,3,25,5,5,1.3453578916282862e-8,200
500,0.02,255.8480867890387,20,0.15706706047058105,1.0e-20,0.05,exact,2.0,1.703554460164014e-6,255.84808849259315,true,Float64(33),7.563500487042623e-6,3,26,5,5,6.658460813774588e-9,200
500,0.02,255.8480867890387,20,0.16154813766479492,1.0e-20,0.05,exact,2.0,8.497332828483195e-7,255.84808763877197,true,Float64(33),7.563500487042623e-6,3,27,5,5,3.321241497299032e-9,200
500,0.02,255.8480867890387,20,0.16617798805236816,1.0e-20,0.05,exact,2.0,4.24927804942854e-7,255.8480872139665,true,Float64(33),7.563500487042623e-6,3,28,5,5,1.6608598105063462e-9,200
500,0.02,255.8480867890387,20,0.17051410675048828,1.0e-20,0.05,exact,2.0,2.105919634232123e-7,255.84808699963065,true,Float64(33),7.563500487042623e-6,3,29,5,5,8.231133015931339e-10,200
500,0.02,255.8480867890387,20,0.17493605613708496,1.0e-20,0.05,exact,2.0,1.0135420325241284e-7,255.8480868903929,true,Float64(33),7.563500487042623e-6,3,30,5,5,3.9614993617671704e-10,200
500,0.02,255.8480867890387,20,0.17960214614868164,1.0e-20,0.05,exact,2.0,4.504624939727364e-8,255.84808683408494,true,Float64(33),7.563500487042623e-6,3,31,5,5,1.7606639143804439e-10,200
500,0.02,255.8480867890387,20,0.18397307395935059,1.0e-20,0.05,exact,2.0,1.559516249471926e-8,255.84808680463385,true,Float64(33),7.563500487042623e-6,3,32,5,5,1.0e-10,200
500,0.02,255.8480867890387,20,0.18833017349243164,1.0e-20,0.05,exact,2.0,0.0,255.8480867890387,true,Float64(33),7.563500487042623e-6,3,33,5,5,1.0e-10,200
500,0.01,251.60843564499595,20,1.9073486328125e-5,4.7103676281123916e-11,0.05,exact,2.0,553.1105205720598,804.7189562170558,true,Float64(34),1.944159130944711e-5,3,1,5,5,2.1982987937354563,200
500,0.01,251.60843564499595,20,0.02158808708190918,4.7103676281123916e-11,0.05,exact,2.0,117.96826730651634,369.5767029515123,true,Float64(34),1.944159130944711e-5,3,2,5,5,0.4688565667685416,200
500,0.01,251.60843564499595,20,0.046092987060546875,4.7103676281123916e-11,0.05,exact,2.0,32.64154188640413,284.2499775314001,true,Float64(34),1.944159130944711e-5,3,3,5,5,0.12973150841595524,200
500,0.01,251.60843564499595,20,0.061982154846191406,4.7103676281123916e-11,0.05,exact,2.0,11.953937467120625,263.5623731121166,true,Float64(34),1.944159130944711e-5,3,4,5,5,0.04751008222946426,200
500,0.01,251.60843564499595,20,0.07309103012084961,4.7103676281123916e-11,0.05,exact,2.0,4.629724957167184,256.23816060216313,true,Float64(34),1.944159130944711e-5,3,5,5,5,0.018400515647652774,200
500,0.01,251.60843564499595,20,0.08021116256713867,4.7103676281123916e-11,0.05,exact,2.0,2.2176092928439743,253.82604493783992,true,Float64(34),1.944159130944711e-5,3,6,5,5,0.008813731889231588,200
500,0.01,251.60843564499595,20,0.08663201332092285,4.7103676281123916e-11,0.05,exact,2.0,1.2076746481416478,252.8161102931376,true,Float64(34),1.944159130944711e-5,3,7,5,5,0.004799817800407943,200
500,0.01,251.60843564499595,20,0.09268808364868164,4.7103676281123916e-11,0.05,exact,2.0,0.6620980597172661,252.27053370471322,true,Float64(34),1.944159130944711e-5,3,8,5,5,0.0026314620891783047,200
500,0.01,251.60843564499595,20,0.09851217269897461,4.7103676281123916e-11,0.05,exact,2.0,0.37497951535681295,251.98341516035276,true,Float64(34),1.944159130944711e-5,3,9,5,5,0.0014903296640096997,200
500,0.01,251.60843564499595,20,0.10379314422607422,4.7103676281123916e-11,0.05,exact,2.0,0.21450236396987066,251.82293800896582,true,Float64(34),1.944159130944711e-5,3,10,5,5,0.0008525245324942934,200
500,0.01,251.60843564499595,20,0.10996603965759277,4.7103676281123916e-11,0.05,exact,2.0,0.11454836729890872,251.72298401229486,true,Float64(34),1.944159130944711e-5,3,11,5,5,0.00045526441514277935,200
500,0.01,251.60843564499595,20,0.11474204063415527,4.7103676281123916e-11,0.05,exact,2.0,0.05336717467031349,251.66180281966626,true,Float64(34),1.944159130944711e-5,3,12,5,5,0.00021210407565830301,200
500,0.01,251.60843564499595,20,0.11976313591003418,4.7103676281123916e-11,0.05,exact,2.0,0.02547851282577085,251.63391415782172,true,Float64(34),1.944159130944711e-5,3,13,5,5,0.00010126255409703141,200
500,0.01,251.60843564499595,20,0.12471818923950195,4.7103676281123916e-11,0.05,exact,2.0,0.012378149901564939,251.62081379489751,true,Float64(34),1.944159130944711e-5,3,14,5,5,4.919608466160391e-5,200
500,0.01,251.60843564499595,20,0.1298351287841797,4.7103676281123916e-11,0.05,exact,2.0,0.006168690669596799,251.61460433566555,true,Float64(34),1.944159130944711e-5,3,15,5,5,2.451702644143634e-5,200
500,0.01,251.60843564499595,20,0.1347041130065918,4.7103676281123916e-11,0.05,exact,2.0,0.003086223859384063,251.61152186885533,true,Float64(34),1.944159130944711e-5,3,16,5,5,1.2265979284329462e-5,200
500,0.01,251.60843564499595,20,0.138991117477417,4.7103676281123916e-11,0.05,exact,2.0,0.0015560051321585888,251.6099916501281,true,Float64(34),1.944159130944711e-5,3,17,5,5,6.184232766957053e-6,200
500,0.01,251.60843564499595,20,0.14365601539611816,4.7103676281123916e-11,0.05,exact,2.0,0.0007934413445411792,251.6092290863405,true,Float64(34),1.944159130944711e-5,3,18,5,5,3.153476720711686e-6,200
500,0.01,251.60843564499595,20,0.14842605590820312,4.7103676281123916e-11,0.05,exact,2.0,0.0004074156367437354,251.6088430606327,true,Float64(34),1.944159130944711e-5,3,19,5,5,1.6192447431236917e-6,200
500,0.01,251.60843564499595,20,0.1532139778137207,4.7103676281123916e-11,0.05,exact,2.0,0.0002110558569654586,251.60864670085292,true,Float64(34),1.944159130944711e-5,3,20,5,5,8.3882663323437e-7,200
500,0.01,251.60843564499595,20,0.15836000442504883,4.7103676281123916e-11,0.05,exact,2.0,0.00010978193364508115,251.6085454269296,true,Float64(34),1.944159130944711e-5,3,21,5,5,4.363205604122778e-7,200
500,0.01,251.60843564499595,20,0.16328096389770508,4.7103676281123916e-11,0.05,exact,2.0,5.752379058776569e-5,251.60849316878654,true,Float64(34),1.944159130944711e-5,3,22,5,5,2.2862425276125568e-7,200
500,0.01,251.60843564499595,20,0.16825413703918457,4.7103676281123916e-11,0.05,exact,2.0,3.0142729599447193e-5,251.60846578772555,true,Float64(34),1.944159130944711e-5,3,23,5,5,1.1980015503922425e-7,200
500,0.01,251.60843564499595,20,0.17293214797973633,4.7103676281123916e-11,0.05,exact,2.0,1.5834276496207167e-5,251.60845147927245,true,Float64(34),1.944159130944711e-5,3,24,5,5,6.293221630513357e-8,200
500,0.01,251.60843564499595,20,0.17734909057617188,4.7103676281123916e-11,0.05,exact,2.0,8.35173619861962e-6,251.60844399673215,true,Float64(34),1.944159130944711e-5,3,25,5,5,3.31933870866055e-8,200
500,0.01,251.60843564499595,20,0.1820530891418457,4.7103676281123916e-11,0.05,exact,2.0,4.393251970213896e-6,251.60844003824792,true,Float64(34),1.944159130944711e-5,3,26,5,5,1.7460670422085945e-8,200
500,0.01,251.60843564499595,20,0.1863880157470703,4.7103676281123916e-11,0.05,exact,2.0,2.3135518745220907e-6,251.60843795854782,true,Float64(34),1.944159130944711e-5,3,27,5,5,9.195048920324636e-9,200
500,0.01,251.60843564499595,20,0.19070696830749512,4.7103676281123916e-11,0.05,exact,2.0,1.2161723361714394e-6,251.6084368611683,true,Float64(34),1.944159130944711e-5,3,28,5,5,4.833591262764274e-9,200
500,0.01,251.60843564499595,20,0.19541001319885254,4.7103676281123916e-11,0.05,exact,2.0,6.362610918131395e-7,251.60843628125704,true,Float64(34),1.944159130944711e-5,3,29,5,5,2.528774880627869e-9,200
500,0.01,251.60843564499595,20,0.19973111152648926,4.7103676281123916e-11,0.05,exact,2.0,3.297725186257594e-7,251.60843597476847,true,Float64(34),1.944159130944711e-5,3,30,5,5,1.3106576406327178e-9,200
500,0.01,251.60843564499595,20,0.20430803298950195,4.7103676281123916e-11,0.05,exact,2.0,1.675051066740707e-7,251.60843581250106,true,Float64(34),1.944159130944711e-5,3,31,5,5,6.657372446383718e-10,200
500,0.01,251.60843564499595,20,0.20875811576843262,4.7103676281123916e-11,0.05,exact,2.0,8.153094199769839e-8,251.6084357265269,true,Float64(34),1.944159130944711e-5,3,32,5,5,3.240389845781385e-10,200
500,0.01,251.60843564499595,20,0.21312904357910156,4.7103676281123916e-11,0.05,exact,2.0,3.601616072046454e-8,251.6084356810121,true,Float64(34),1.944159130944711e-5,3,33,5,5,1.4314369320781092e-10,200
500,0.01,251.60843564499595,20,0.21774697303771973,4.7103676281123916e-11,0.05,exact,2.0,1.1851682302221889e-8,251.60843565684763,true,Float64(34),1.944159130944711e-5,3,34,5,5,1.0e-10,200
500,0.005,248.63682538547687,20,1.9788742065429688e-5,1.0e-20,0.05,exact,2.0,556.082130831579,804.7189562170558,true,Float64(36),1.3691299887743439e-5,3,1,5,5,2.236523612177926,200
500,0.005,248.63682538547687,20,0.01867079734802246,1.0e-20,0.05,exact,2.0,116.99926548939936,365.63609087487623,true,Float64(36),1.3691299887743439e-5,3,2,5,5,0.4705628995544335,200
500,0.005,248.63682538547687,20,0.03407788276672363,1.0e-20,0.05,exact,2.0,33.44179005361377,282.07861543909064,true,Float64(36),1.3691299887743439e-5,3,3,5,5,0.13450055116239085,200
500,0.005,248.63682538547687,20,0.044519901275634766,1.0e-20,0.05,exact,2.0,12.375675502560512,261.0125008880374,true,Float64(36),1.3691299887743439e-5,3,4,5,5,0.04977410519690213,200
500,0.005,248.63682538547687,20,0.05248689651489258,1.0e-20,0.05,exact,2.0,4.853122206404805,253.48994759188167,true,Float64(36),1.3691299887743439e-5,3,5,5,5,0.019518919608471966,200
500,0.005,248.63682538547687,20,0.06016993522644043,1.0e-20,0.05,exact,2.0,2.4246969025758744,251.06152228805274,true,Float64(36),1.3691299887743439e-5,3,6,5,5,0.009751962119113767,200
500,0.005,248.63682538547687,20,0.06682777404785156,1.0e-20,0.05,exact,2.0,1.3154562373059662,249.95228162278283,true,Float64(36),1.3691299887743439e-5,3,7,5,5,0.005290673395891916,200
500,0.005,248.63682538547687,20,0.07208991050720215,1.0e-20,0.05,exact,2.0,0.6819653610808416,249.3187907465577,true,Float64(36),1.3691299887743439e-5,3,8,5,5,0.002742817199437569,200
500,0.005,248.63682538547687,20,0.07713484764099121,1.0e-20,0.05,exact,2.0,0.3423935832295797,248.97921896870645,true,Float64(36),1.3691299887743439e-5,3,9,5,5,0.0013770831520984312,200
500,0.005,248.63682538547687,20,0.08234477043151855,1.0e-20,0.05,exact,2.0,0.15585930868229525,248.79268469415916,true,Float64(36),1.3691299887743439e-5,3,10,5,5,0.0006268552875892662,200
500,0.005,248.63682538547687,20,0.08733391761779785,1.0e-20,0.05,exact,2.0,0.07560295923320837,248.71242834471008,true,Float64(36),1.3691299887743439e-5,3,11,5,5,0.0003040698380700304,200
500,0.005,248.63682538547687,20,0.09238100051879883,1.0e-20,0.05,exact,2.0,0.03753216180601271,248.67435754728288,true,Float64(36),1.3691299887743439e-5,3,12,5,5,0.00015095174155246033,200
500,0.005,248.63682538547687,20,0.09729599952697754,1.0e-20,0.05,exact,2.0,0.019167579483564623,248.65599296496043,true,Float64(36),1.3691299887743439e-5,3,13,5,5,7.709067011231322e-5,200
500,0.005,248.63682538547687,20,0.10237979888916016,1.0e-20,0.05,exact,2.0,0.009912391453497094,248.64673777693037,true,Float64(36),1.3691299887743439e-5,3,14,5,5,3.986694826130163e-5,200
500,0.005,248.63682538547687,20,0.10726380348205566,1.0e-20,0.05,exact,2.0,0.005198668241519044,248.6420240537184,true,Float64(36),1.3691299887743439e-5,3,15,5,5,2.0908681702556455e-5,200
500,0.005,248.63682538547687,20,0.1120598316192627,1.0e-20,0.05,exact,2.0,0.0027572550495733594,248.63958264052644,true,Float64(36),1.3691299887743439e-5,3,16,5,5,1.1089487831493258e-5,200
500,0.005,248.63682538547687,20,0.1172487735748291,1.0e-20,0.05,exact,2.0,0.0014767376346185301,248.6383021231115,true,Float64(36),1.3691299887743439e-5,3,17,5,5,5.93933594643132e-6,200
500,0.005,248.63682538547687,20,0.12199282646179199,1.0e-20,0.05,exact,2.0,0.0007966912115193736,248.6376220766884,true,Float64(36),1.3691299887743439e-5,3,18,5,5,3.204236581947242e-6,200
500,0.005,248.63682538547687,20,0.12666082382202148,1.0e-20,0.05,exact,2.0,0.0004319430142913916,248.63725732849116,true,Float64(36),1.3691299887743439e-5,3,19,5,5,1.737244728819731e-6,200
500,0.005,248.63682538547687,20,0.13196682929992676,1.0e-20,0.05,exact,2.0,0.00023510700393103434,248.6370604924808,true,Float64(36),1.3691299887743439e-5,3,20,5,5,9.45584000143718e-7,200
500,0.005,248.63682538547687,20,0.13666987419128418,1.0e-20,0.05,exact,2.0,0.00012852850267108806,248.63695391397954,true,Float64(36),1.3691299887743439e-5,3,21,5,5,5.169326887592876e-7,200
500,0.005,248.63682538547687,20,0.141556978225708,1.0e-20,0.05,exact,2.0,7.047564790241267e-5,248.63689586112477,true,Float64(36),1.3691299887743439e-5,3,22,5,5,2.834481488940746e-7,200
500,0.005,248.63682538547687,20,0.14615178108215332,1.0e-20,0.05,exact,2.0,3.875793890983914e-5,248.63686414341578,true,Float64(36),1.3691299887743439e-5,3,23,5,5,1.5588173171753757e-7,200
500,0.005,248.63682538547687,20,0.15068697929382324,1.0e-20,0.05,exact,2.0,2.1372439391598164e-5,248.63684675791626,true,Float64(36),1.3691299887743439e-5,3,24,5,5,8.595846314584803e-8,200
500,0.005,248.63682538547687,20,0.1556258201599121,1.0e-20,0.05,exact,2.0,1.180829491431723e-5,248.63683719377178,true,Float64(36),1.3691299887743439e-5,3,25,5,5,4.749213997568586e-8,200
500,0.005,248.63682538547687,20,0.1600809097290039,1.0e-20,0.05,exact,2.0,6.52742630791181e-6,248.63683191290318,true,Float64(36),1.3691299887743439e-5,3,26,5,5,2.625285412887629e-8,200
500,0.005,248.63682538547687,20,0.1647648811340332,1.0e-20,0.05,exact,2.0,3.6107371670368593e-6,248.63682899621404,true,Float64(36),1.3691299887743439e-5,3,27,5,5,1.4522133482998397e-8,200
500,0.005,248.63682538547687,20,0.16930389404296875,1.0e-20,0.05,exact,2.0,1.995992363390542e-6,248.63682738146923,true,Float64(36),1.3691299887743439e-5,3,28,5,5,8.027742311687068e-9,200
500,0.005,248.63682538547687,20,0.17386388778686523,1.0e-20,0.05,exact,2.0,1.102214866932627e-6,248.63682648769174,true,Float64(36),1.3691299887743439e-5,3,29,5,5,4.4330314514907275e-9,200
500,0.005,248.63682538547687,20,0.17855286598205566,1.0e-20,0.05,exact,2.0,6.05479328896763e-7,248.6368259909562,true,Float64(36),1.3691299887743439e-5,3,30,5,5,2.4351957034443767e-9,200
500,0.005,248.63682538547687,20,0.18294787406921387,1.0e-20,0.05,exact,2.0,3.285703655819816e-7,248.63682571404723,true,Float64(36),1.3691299887743439e-5,3,31,5,5,1.3214871331814138e-9,200
500,0.005,248.63682538547687,20,0.18778681755065918,1.0e-20,0.05,exact,2.0,1.7466760482420796e-7,248.63682556014447,true,Float64(36),1.3691299887743439e-5,3,32,5,5,7.025009451170803e-10,200
500,0.005,248.63682538547687,20,0.1921977996826172,1.0e-20,0.05,exact,2.0,8.912897442314716e-8,248.63682547460584,true,Float64(36),1.3691299887743439e-5,3,33,5,5,3.5847052939549505e-10,200
500,0.005,248.63682538547687,20,0.19658398628234863,1.0e-20,0.05,exact,2.0,4.1413642293264274e-8,248.6368254268905,true,Float64(36),1.3691299887743439e-5,3,34,5,5,1.6656278581846504e-10,200
500,0.005,248.63682538547687,20,0.20118093490600586,1.0e-20,0.05,exact,2.0,1.4852787444397109e-8,248.63682540032966,true,Float64(36),1.3691299887743439e-5,3,35,5,5,1.0e-10,200
500,0.005,248.63682538547687,20,0.20556378364562988,1.0e-20,0.05,exact,2.0,0.0,248.63682538547687,true,Float64(36),1.3691299887743439e-5,3,36,5,5,1.0e-10,200
