primals,time,reg,strategy,gaps,dataset,relgaps
1716.9255662469845,0.0033190250396728516,0.05,gradient,1676.6111739200821,w1a,0.976519429193995
650.5587742265277,0.06939291954040527,0.05,gradient,607.7531395314764,w1a,0.9342017410403166
551.9079302258694,0.08699607849121094,0.05,gradient,473.0412673027083,w1a,0.8571017762131361
500.30011372247213,0.10302495956420898,0.05,gradient,421.4200749753602,w1a,0.8423345576314051
473.41556543259867,0.32981204986572266,0.05,gradient,402.4758053256613,w1a,0.8501533002149732
446.80843019091037,0.35808801651000977,0.05,gradient,376.4800796831853,w1a,0.8425984252855849
420.3537164361258,0.37599706649780273,0.05,gradient,347.8936664997866,w1a,0.8276212458624718
393.9451737155513,0.3930540084838867,0.05,gradient,318.9885930701164,w1a,0.8097283945923973
367.5456736042781,0.40984201431274414,0.05,gradient,291.58384243067417,w1a,0.7933268254018709
339.9887047578723,0.4247410297393799,0.05,gradient,264.82882851605746,w1a,0.7789341963717853
312.1954385232279,0.43844103813171387,0.05,gradient,237.33812524417903,w1a,0.7602229115417414
284.3060824983417,0.4516780376434326,0.05,gradient,209.54964324781244,w1a,0.7370564899856995
255.29116788633735,0.46611595153808594,0.05,gradient,183.2311992048232,w1a,0.717734188463593
232.99428704330802,0.48299098014831543,0.05,gradient,148.725771115967,w1a,0.6383236816803258
216.3598742128674,0.497967004776001,0.05,gradient,125.84684197146318,w1a,0.5816551818090251
204.19440859909398,0.5121331214904785,0.05,gradient,112.36993799248722,w1a,0.5503085944586722
195.4482087671524,0.5262711048126221,0.05,gradient,99.8252584070166,w1a,0.5107504388845211
189.32571553103162,0.540247917175293,0.05,gradient,91.71534434339787,w1a,0.48443152102264303
184.57585181446552,0.5539491176605225,0.05,gradient,84.22372080460897,w1a,0.45630953332546514
180.80218034499023,0.5677690505981445,0.05,gradient,77.54744523076782,w1a,0.42890768840729054
177.74578397848222,0.5817430019378662,0.05,gradient,71.67560304365185,w1a,0.4032478376664554
175.23046866701486,0.595487117767334,0.05,gradient,66.47272063466966,w1a,0.3793445348878553
173.13185000221245,0.6091151237487793,0.05,gradient,61.86539164979898,w1a,0.3573310840784547
171.35993395998392,0.6227290630340576,0.05,gradient,57.78881774798462,w1a,0.3372364613625464
169.84863337721063,0.6366009712219238,0.05,gradient,54.12505008488992,w1a,0.31866638552625604
168.54849309262795,0.6503009796142578,0.05,gradient,50.74857365210667,w1a,0.3010918265772756
167.42142449929463,0.6633310317993164,0.05,gradient,47.65927039212919,w1a,0.2846664967441487
166.43773603494918,0.6769430637359619,0.05,gradient,44.82328295663169,w1a,0.26930961706436296
165.5742235620535,0.6902179718017578,0.05,gradient,42.06244903640385,w1a,0.2540398386385293
164.81228585900215,0.7037770748138428,0.05,gradient,39.53235272259765,w1a,0.2398628992769253
164.13675967393345,0.9041779041290283,0.05,gradient,37.22832997917706,w1a,0.22681287271134845
163.53522543630558,0.931488037109375,0.05,gradient,35.11606387116947,w1a,0.21473088612854624
162.99743263485448,0.9501810073852539,0.05,gradient,33.16347159724455,w1a,0.2034600856047659
162.51486719158592,0.9793801307678223,0.05,gradient,31.34547429110509,w1a,0.19287757995797677
162.08041050163578,0.9966030120849609,0.05,gradient,29.642622453374344,w1a,0.18288837226923965
161.68806768831325,1.0180609226226807,0.05,gradient,28.043542723298003,w1a,0.17344225287766846
161.3327555264978,1.0334560871124268,0.05,gradient,26.54253067850101,w1a,0.16452040747634525
161.0101372989431,1.050692081451416,0.05,gradient,25.132580858995993,w1a,0.156093158360166
160.7165012242746,1.069106101989746,0.05,gradient,23.807918733000236,w1a,0.14813611889035008
160.45035296509738,1.085616111755371,0.05,gradient,22.527614445075216,w1a,0.1404023988029221
160.2073933155387,1.1016759872436523,0.05,gradient,21.344691849641322,w1a,0.13323162812843217
159.9849541848145,1.1178250312805176,0.05,gradient,20.245389522436454,w1a,0.12654558439944918
159.7808932868927,1.1335070133209229,0.05,gradient,19.217769911498493,w1a,0.12027576962529714
159.59337189143577,1.1468701362609863,0.05,gradient,18.246298919276143,w1a,0.11432992926353035
159.42078043779264,1.1603150367736816,0.05,gradient,17.32600824441502,w1a,0.10868098999914116
159.26169061006092,1.1736350059509277,0.05,gradient,16.459610557164723,w1a,0.10334946523621125
159.1148243268861,1.1868629455566406,0.05,gradient,15.644974275676276,w1a,0.09832505765481149
158.97905063813687,1.200294017791748,0.05,gradient,14.87283960573086,w1a,0.09355219789042489
158.85336991166426,1.213428020477295,0.05,gradient,14.14054387322895,w1a,0.08901632921663716
158.73689182291656,1.2274589538574219,0.05,gradient,13.447661189721202,w1a,0.08471667194241854
158.62881825874717,1.2409379482269287,0.05,gradient,12.793300918079694,w1a,0.08064928591481983
158.52843446543957,1.2541499137878418,0.05,gradient,12.172505541933447,w1a,0.07678436731542408
158.43509713453105,1.2673311233520508,0.05,gradient,11.583592930606784,w1a,0.07311254349641277
158.34822686746895,1.2803781032562256,0.05,gradient,11.025346492303981,w1a,0.06962721787552285
158.26730062300368,1.2937860488891602,0.05,gradient,10.495621023753529,w1a,0.06631578969527216
158.19184526151702,1.3069519996643066,0.05,gradient,9.99259350851031,w1a,0.06316756399162624
158.12143195167866,1.3200769424438477,0.05,gradient,9.514327885029815,w1a,0.06017102025699691
158.05567129570525,1.3331820964813232,0.05,gradient,9.05796009089002,w1a,0.057308668626914035
157.9942090732605,1.3462889194488525,0.05,gradient,8.623871736296223,w1a,0.05458346724782433
157.93672252027505,1.3603379726409912,0.05,gradient,8.21442933400806,w1a,0.05201088893657101
157.8829170679749,1.3736281394958496,0.05,gradient,7.826892296719137,w1a,0.04957402892011013
157.83252347651666,1.3866870403289795,0.05,gradient,7.457653627936281,w1a,0.04725042382691093
157.7852953071899,1.399954080581665,0.05,gradient,7.107701487314898,w1a,0.045046665935992436
157.74100668613903,1.4133069515228271,0.05,gradient,6.77615398117743,w1a,0.04295746631476812
157.69945032034767,1.4268789291381836,0.05,gradient,6.462776227023397,w1a,0.04098160275064394
157.66043573303048,1.6374211311340332,0.05,gradient,6.166590659261487,w1a,0.039113114400517686
157.62378769073248,1.6587250232696533,0.05,gradient,5.886225434304322,w1a,0.03734350963481132
157.58934479855054,1.686156988143921,0.05,gradient,5.618951262196845,w1a,0.035655654697845575
157.55695824323126,1.7060720920562744,0.05,gradient,5.3649324916819126,w1a,0.03405074933853258
157.52649066663395,1.7274119853973389,0.05,gradient,5.124733757461911,w1a,0.03253252031308911
157.49781515435234,1.7460110187530518,0.05,gradient,4.896742392524402,w1a,0.031090859182557263
157.47081432623992,1.7652270793914795,0.05,gradient,4.679908612213239,w1a,0.029719212618775477
157.44537951726426,1.7803459167480469,0.05,gradient,4.472037351824042,w1a,0.02840373827123757
157.42141003856946,1.7994930744171143,0.05,gradient,4.272713987610814,w1a,0.02714188614219607
157.39881250988208,1.8191161155700684,0.05,gradient,4.083261390007863,w1a,0.02594213593416723
157.37750025548732,1.8352339267730713,0.05,gradient,3.902251180965834,w1a,0.024795483310072294
157.357392756945,1.8526320457458496,0.05,gradient,3.7301843848325404,w1a,0.02370517405937325
157.33841515653685,1.8672170639038086,0.05,gradient,3.5653106879991867,w1a,0.02266014110064627
157.3204971947157,1.8810360431671143,0.05,gradient,3.4082656310504262,w1a,0.02166447279169232
157.30357498794277,1.8947770595550537,0.05,gradient,3.2585664786017503,w1a,0.02071514572285797
157.28758783819828,1.9085760116577148,0.05,gradient,3.1158360348541407,w1a,0.01980980239877161
157.27247876428137,1.9221489429473877,0.05,gradient,2.978876051881599,w1a,0.01894086031635778
157.25819334754854,1.9359450340270996,0.05,gradient,2.8469093523712274,w1a,0.01810340874309432
157.2446826383411,1.9499759674072266,0.05,gradient,2.721040982532571,w1a,0.017304502364578513
157.23190166968294,1.9653689861297607,0.05,gradient,2.600658954838366,w1a,0.01654027539717672
157.21980832993697,1.9787659645080566,0.05,gradient,2.4857723822109676,w1a,0.015810809137957967
157.20836297774142,1.9918320178985596,0.05,gradient,2.375764036487425,w1a,0.015112198813645818
157.19752830633317,2.0051839351654053,0.05,gradient,2.27112926325961,w1a,0.014447614334201402
157.1872692536285,2.018446922302246,0.05,gradient,2.1715626287057432,w1a,0.013815130442923037
157.17755290758777,2.0322580337524414,0.05,gradient,2.0763453165380383,w1a,0.013210189865717158
157.1683483984809,2.0456011295318604,0.05,gradient,1.9856160465688788,w1a,0.012633689077998039
157.1596267800436,2.059032917022705,0.05,gradient,1.8988560176154579,w1a,0.012082339825565034
157.15136108683777,2.073241949081421,0.05,gradient,1.8166498808485017,w1a,0.011559873667557152
157.143527430112,2.086580991744995,0.05,gradient,1.7373794477314846,w1a,0.011056003872028179
157.13610089290734,2.100109100341797,0.05,gradient,1.6613820293760853,w1a,0.010572885670036855
157.12905848261693,2.113429069519043,0.05,gradient,1.5886015644019835,w1a,0.010110170453148418
157.12237880769845,2.1264901161193848,0.05,gradient,1.5191783712658662,w1a,0.009668758726757718
157.11604189523953,2.1396870613098145,0.05,gradient,1.4525491169250415,w1a,0.009245071982487692
157.1100290457058,2.15311598777771,0.05,gradient,1.389106666003272,w1a,0.008841616760182502
157.10432743477378,2.352437973022461,0.05,gradient,1.3326473189593173,w1a,0.008482562770351459
156.99401032749907,1.2004799842834473,0.05,exact,0.0058152239071489475,w1a,3.70410558658769e-5
156.9940103019525,1.2147281169891357,0.05,exact,0.005018890262505238,w1a,3.196867353634841e-5
156.9940102864264,1.228511095046997,0.05,exact,0.0043018186473489095,w1a,2.740116415588399e-5
156.99401027620988,1.242414951324463,0.05,exact,0.0036975999978778873,w1a,2.3552490896770245e-5
156.994010269044,1.255998134613037,0.05,exact,0.003206888671826391,w1a,2.0426821802504933e-5
156.9940102637516,1.2697350978851318,0.05,exact,0.002812698540310521,w1a,1.7915960841978352e-5
156.9940102597158,1.28330397605896,0.05,exact,0.002492058007618425,w1a,1.5873586536809934e-5
156.99401025660669,1.297173023223877,0.05,exact,0.0022233360227801313,w1a,1.4161916235823831e-5
156.99401025421997,1.3105671405792236,0.05,exact,0.0019897737226131085,w1a,1.2674201515020053e-5
156.99401025239968,1.324221134185791,0.05,exact,0.0017802935597046599,w1a,1.1339882055643252e-5
156.99401025101503,1.3378231525421143,0.05,exact,0.001588719242249681,w1a,1.0119616918565905e-5
156.99401024995834,1.3509881496429443,0.05,exact,0.001412335031375278,w1a,8.996107744025558e-6
156.99401024914675,1.3644790649414062,0.05,exact,0.0012504101612762497,w1a,7.964699795182444e-6
156.99401024851954,1.3777921199798584,0.05,exact,0.0011030229874791075,w1a,7.0258921708735e-6
156.9940102480329,1.3915460109710693,0.05,exact,0.0009702957501076526,w1a,6.180463500325231e-6
156.9940102476546,1.4051239490509033,0.05,exact,0.0008520098282644994,w1a,5.427021240622319e-6
156.99401024736034,1.418652057647705,0.05,exact,0.0007475037757842529,w1a,4.761352198128344e-6
156.99401024713168,1.43231201171875,0.05,exact,0.0006557417576402713,w1a,4.176858445796991e-6
156.99401024695408,1.445547103881836,0.05,exact,0.000575456347405634,w1a,3.665466895841644e-6
156.99401024681612,1.4588439464569092,0.05,exact,0.0005052988139198078,w1a,3.2185865761719748e-6
156.99401024670897,1.6706459522247314,0.05,exact,0.00044395973878863515,w1a,2.8278769240366086e-6
156.9940102466258,1.6929099559783936,0.05,exact,0.000390246505446612,w1a,2.485741365760159e-6
156.99401024656115,1.7199721336364746,0.05,exact,0.0003431196450094376,w1a,2.1855588278212888e-6
156.99401024651104,1.7391610145568848,0.05,exact,0.00030169783477163037,w1a,1.9217155756318747e-6
156.99401024647216,1.7586591243743896,0.05,exact,0.0002652434417882432,w1a,1.689513130926621e-6
156.99401024644197,1.7762720584869385,0.05,exact,0.00023313912697631167,w1a,1.485019247615502e-6
156.99401024641867,1.7947921752929688,0.05,exact,0.00020486308480371918,w1a,1.304910196778622e-6
156.99401024640053,1.8098781108856201,0.05,exact,0.00017996735292058474,w1a,1.146332606181139e-6
156.99401024638652,1.8296661376953125,0.05,exact,0.00015806101839643816,w1a,1.0067964895499966e-6
156.9940102463757,1.8497021198272705,0.05,exact,0.00013879838667207878,w1a,8.840998867043274e-7
156.99401024636734,1.8658311367034912,0.05,exact,0.0001220120338984998,w1a,7.771763630155629e-7
156.9940102463608,1.8824470043182373,0.05,exact,0.00010687936520525909,w1a,6.807862608104605e-7
156.99401024635588,1.8969659805297852,0.05,exact,9.395287727897994e-5,w1a,5.984488015278326e-7
156.99401024635205,1.9103741645812988,0.05,exact,8.246682756407608e-5,w1a,5.252864579653114e-7
156.99401024634903,1.9238359928131104,0.05,exact,7.241834765636668e-5,w1a,4.6128095933552213e-7
156.99401024634668,1.9371190071105957,0.05,exact,6.3596110180697e-5,w1a,4.0508622004690083e-7
156.99401024634486,1.9507231712341309,0.05,exact,5.584698803318133e-5,w1a,3.5572687101596964e-7
156.99401024634346,1.9640231132507324,0.05,exact,4.9040038845760137e-5,w1a,3.123688526002369e-7
156.99401024634244,1.9772961139678955,0.05,exact,4.3060947405137995e-5,w1a,2.742840146421523e-7
156.99401024634156,1.9910540580749512,0.05,exact,3.78093013466696e-5,w1a,2.408327635388285e-7
156.9940102463409,2.0044071674346924,0.05,exact,3.319690458170044e-5,w1a,2.114533193311696e-7
156.99401024634048,2.018120050430298,0.05,exact,2.9146278109237755e-5,w1a,1.8565216636930358e-7
156.99401024634005,2.031327962875366,0.05,exact,2.5589309956330908e-5,w1a,1.6299545387864542e-7
156.99401024633974,2.0445001125335693,0.05,exact,2.2466083095196154e-5,w1a,1.431015301790467e-7
156.99401024633954,2.0578320026397705,0.05,exact,1.9723876789612405e-5,w1a,1.2563458159112975e-7
156.99401024633937,2.071298122406006,0.05,exact,1.731630825929642e-5,w1a,1.1029916512181193e-7
156.9940102463392,2.0846920013427734,0.05,exact,1.5202588599549927e-5,w1a,9.683546891818073e-8
156.99401024633912,2.098050117492676,0.05,exact,1.3346866921892797e-5,w1a,8.501513465991628e-8
156.9940102463391,2.111659049987793,0.05,exact,1.1712169452948729e-5,w1a,7.460265162072859e-8
156.99401024633895,2.124972105026245,0.05,exact,1.0285628690098747e-5,w1a,6.551605805826344e-8
156.99401024633892,2.1384010314941406,0.05,exact,9.030009920252269e-6,w1a,5.7518181146422735e-8
156.99401024633886,2.1517910957336426,0.05,exact,7.926988530471135e-6,w1a,5.049229915226014e-8
156.99401024633886,2.1654231548309326,0.05,exact,6.9589455620189256e-6,w1a,4.432618512706098e-8
156.99401024633886,2.3685669898986816,0.05,exact,6.109383150487702e-6,w1a,3.8914753122756e-8
156.9940102463388,2.3942501544952393,0.05,exact,5.363691713000662e-6,w1a,3.416494492104833e-8
156.99401024633875,2.4130971431732178,0.05,exact,4.704906444885637e-6,w1a,2.996870031858658e-8
156.99401024633875,2.4427530765533447,0.05,exact,4.132424464842188e-6,w1a,2.632217916058081e-8
156.99401024633883,2.4596540927886963,0.05,exact,3.629854120390519e-6,w1a,2.3120972033868844e-8
156.99401024633877,2.481624126434326,0.05,exact,3.1870700638592098e-6,w1a,2.0300583817550675e-8
156.99401024633875,2.497075080871582,0.05,exact,2.7981270136478997e-6,w1a,1.7823145031185384e-8
156.99401024633872,2.514726161956787,0.05,exact,2.455063366824106e-6,w1a,1.563794289331087e-8
156.99401024633855,2.5338521003723145,0.05,exact,2.1555229352543392e-6,w1a,1.3729969263617883e-8
156.99401024633852,2.55086612701416,0.05,exact,1.8921973889973742e-6,w1a,1.2052672493863534e-8
156.9940102463386,2.567005157470703,0.05,exact,1.6618761549125338e-6,w1a,1.058560229339254e-8
156.99401024633858,2.5836119651794434,0.05,exact,1.4591572607969283e-6,w1a,9.294349883204916e-9
156.99401024633852,2.5999131202697754,0.05,exact,1.2811647422950045e-6,w1a,8.160596320106324e-9
156.99401024633852,2.6141879558563232,0.05,exact,1.1248332612012746e-6,w1a,7.164816412016639e-9
156.99401024633852,2.6278910636901855,0.05,exact,9.875412558812968e-7,w1a,6.29031167706176e-9
156.99401024633846,2.6415250301361084,0.05,exact,8.669772739722248e-7,w1a,5.522358927018014e-9
156.99401024633852,2.6548869609832764,0.05,exact,7.611097032622638e-7,w1a,4.848017463010279e-9
156.9940102463385,2.6683809757232666,0.05,exact,6.681537172426033e-7,w1a,4.2559185295936246e-9
156.99401024633846,2.682068109512329,0.05,exact,5.865409207217454e-7,w1a,3.73607196734071e-9
156.99401024633852,2.6957759857177734,0.05,exact,5.148922923581267e-7,w1a,3.2796938657099836e-9
156.99401024633846,2.7088329792022705,0.05,exact,4.519947935932578e-7,w1a,2.879057569674379e-9
156.99401024633846,2.7224700450897217,0.05,exact,3.9680230656813364e-7,w1a,2.5274996539391107e-9
156.9940102463385,2.735974073410034,0.05,exact,3.4830847539524257e-7,w1a,2.218609963836923e-9
156.9940102463385,2.7493810653686523,0.05,exact,3.0576211429433897e-7,w1a,1.9476036940171744e-9
156.9940102463384,2.76300311088562,0.05,exact,2.684053015400423e-7,w1a,1.709653133383172e-9
156.9940102463385,2.7764840126037598,0.05,exact,2.3562719775327423e-7,w1a,1.5008674368120976e-9
156.99401024633852,2.790419101715088,0.05,exact,2.0684450419139466e-7,w1a,1.3175311839403044e-9
156.99401024633858,2.8039050102233887,0.05,exact,1.8158849002247734e-7,w1a,1.1566587141607994e-9
156.99401024633846,2.817363977432251,0.05,exact,1.5942745790198387e-7,w1a,1.0155002579514154e-9
156.99401024633852,2.8308801651000977,0.05,exact,1.399258451328933e-7,w1a,8.912814247711512e-10
156.99401024633846,2.844215154647827,0.05,exact,1.228432893185527e-7,w1a,7.824711855299445e-10
156.99401024633846,2.857678174972534,0.05,exact,1.0785865356410795e-7,w1a,6.870240042589365e-10
156.99401024633846,2.8710720539093018,0.05,exact,9.46793079492636e-8,w1a,6.030759250031438e-10
156.99401024633843,2.8846030235290527,0.05,exact,8.310939847433474e-8,w1a,5.293794224628586e-10
156.9940102463385,2.9216179847717285,0.05,exact,7.295327009160246e-8,w1a,4.6468823859669465e-10
156.99401024633835,3.1172571182250977,0.05,exact,6.401586460924591e-8,w1a,4.0775991713823353e-10
156.9940102463385,3.1369900703430176,0.05,exact,5.6211661103588995e-8,w1a,3.5804971804585137e-10
156.9940102463385,3.1670420169830322,0.05,exact,4.937078301736619e-8,w1a,3.1447558374933384e-10
156.99401024633846,3.183290958404541,0.05,exact,4.333875835982326e-8,w1a,2.760535786799805e-10
156.9940102463384,3.204514980316162,0.05,exact,3.804234438575804e-8,w1a,2.4231717073833594e-10
156.99401024633832,3.2194981575012207,0.05,exact,3.339218324072135e-8,w1a,2.1269717990085025e-10
156.99401024633835,3.236943006515503,0.05,exact,2.931105314019078e-8,w1a,1.8670172890162488e-10
156.99401024633838,3.2515759468078613,0.05,exact,2.5729235630933545e-8,w1a,1.638867342171969e-10
156.99401024633832,3.270550012588501,0.05,exact,2.311531943632872e-8,w1a,1.472369512700428e-10
156.99401024633832,3.2893919944763184,0.05,exact,1.9700195252880803e-8,w1a,1.2548373802267583e-10
156.9940102463383,3.3065831661224365,0.05,exact,1.735105570332962e-8,w1a,1.1052049486540404e-10
156.9940102463383,3.3227791786193848,0.05,exact,1.5283546872524312e-8,w1a,1.0e-10
