n,passes,wall_time,final_relgap,reg,strategy,reached_tol,ρ,seed,s,p,μ0
500,16,0.38201093673706055,5.605529735991753e-11,0.5,gradient,true,0.6,1,10,1000,0.5
500,13,0.0990591049194336,2.9714835151879136e-11,0.5,gradient,true,0.6,1,10,1000,0.7
500,23,0.18035888671875,5.681660309766077e-11,0.5,gradient,true,0.6,1,10,1000,0.9
500,36,0.5583491325378418,9.062304809619527e-11,0.5,gradient,true,0.6,1,10,1000,0.95
500,87,0.6714010238647461,8.803066357180066e-11,0.5,gradient,true,0.6,1,10,1000,0.99
500,23,0.3648500442504883,8.85835279355139e-11,0.2,gradient,true,0.6,1,10,1000,0.5
500,30,0.23190593719482422,8.767483307642577e-11,0.2,gradient,true,0.6,1,10,1000,0.7
500,62,0.5062999725341797,7.802773067365242e-11,0.2,gradient,true,0.6,1,10,1000,0.9
500,103,1.00947904586792,9.86220871888849e-11,0.2,gradient,true,0.6,1,10,1000,0.95
500,274,2.4002699851989746,9.594647264225669e-11,0.2,gradient,true,0.6,1,10,1000,0.99
500,56,0.44449591636657715,9.901650822374377e-11,0.1,gradient,true,0.6,1,10,1000,0.5
500,64,0.6834201812744141,9.088641537190145e-11,0.1,gradient,true,0.6,1,10,1000,0.7
500,144,1.4166090488433838,9.677249532168579e-11,0.1,gradient,true,0.6,1,10,1000,0.9
500,249,2.320746898651123,9.24969478990032e-11,0.1,gradient,true,0.6,1,10,1000,0.95
500,627,6.147299766540527,9.873220377069399e-11,0.1,gradient,true,0.6,1,10,1000,0.99
500,117,1.185546875,9.627761366390302e-11,0.05,gradient,true,0.6,1,10,1000,0.5
500,152,1.5584628582000732,9.525648270907672e-11,0.05,gradient,true,0.6,1,10,1000,0.7
500,343,3.144191026687622,9.747552233618233e-11,0.05,gradient,true,0.6,1,10,1000,0.9
500,591,5.358697891235352,9.635261177797416e-11,0.05,gradient,true,0.6,1,10,1000,0.95
500,1369,12.661859035491943,7.92981233442068e-11,0.05,gradient,true,0.6,1,10,1000,0.99
500,302,2.7814719676971436,9.935357264273184e-11,0.02,gradient,true,0.6,1,10,1000,0.5
500,426,3.9427108764648438,9.557900984665115e-11,0.02,gradient,true,0.6,1,10,1000,0.7
500,1049,9.592588901519775,9.559693048709448e-11,0.02,gradient,true,0.6,1,10,1000,0.9
500,1935,18.52350401878357,9.38834423490361e-11,0.02,gradient,true,0.6,1,10,1000,0.95
500,4530,43.07675099372864,3.075545878459552e-9,0.02,gradient,true,0.6,1,10,1000,0.99
500,648,5.945617198944092,9.44801692297774e-11,0.01,gradient,true,0.6,1,10,1000,0.5
500,898,8.240056991577148,9.10012174875579e-11,0.01,gradient,true,0.6,1,10,1000,0.7
500,2315,23.178920030593872,9.87394826295607e-11,0.01,gradient,true,0.6,1,10,1000,0.9
500,4710,43.62528085708618,7.118311258954805e-9,0.01,gradient,true,0.6,1,10,1000,0.95
500,5000,34.259135007858276,7.074477834866078e-6,0.01,gradient,false,0.6,1,10,1000,0.99
500,16,0.29656314849853516,5.0190647455997e-11,0.5,newton,true,0.6,1,10,1000,0.5
500,8,0.05010390281677246,5.7509872374672784e-11,0.5,newton,true,0.6,1,10,1000,0.7
500,9,0.07715988159179688,1.685410677111763e-11,0.5,newton,true,0.6,1,10,1000,0.9
500,20,0.3298509120941162,5.066046657930866e-11,0.5,newton,true,0.6,1,10,1000,0.95
500,23,0.19124197959899902,4.510517225995566e-11,0.5,newton,true,0.6,1,10,1000,0.99
500,23,0.17838597297668457,9.869004760799894e-11,0.2,newton,true,0.6,1,10,1000,0.5
500,20,0.3288910388946533,9.00271293921716e-11,0.2,newton,true,0.6,1,10,1000,0.7
500,38,0.3160111904144287,7.176365967807318e-11,0.2,newton,true,0.6,1,10,1000,0.9
500,45,0.5960609912872314,8.08632587503743e-11,0.2,newton,true,0.6,1,10,1000,0.95
500,49,0.38892602920532227,7.745443636753615e-11,0.2,newton,true,0.6,1,10,1000,0.99
500,58,0.7352910041809082,8.246649149127443e-11,0.1,newton,true,0.6,1,10,1000,0.5
500,51,0.4440591335296631,7.747569614231579e-11,0.1,newton,true,0.6,1,10,1000,0.7
500,68,0.8200130462646484,8.823729065109124e-11,0.1,newton,true,0.6,1,10,1000,0.9
500,79,0.6698849201202393,9.191090035553986e-11,0.1,newton,true,0.6,1,10,1000,0.95
500,80,0.8561630249023438,8.755696820329283e-11,0.1,newton,true,0.6,1,10,1000,0.99
500,110,1.0021240711212158,9.24237427950929e-11,0.05,newton,true,0.6,1,10,1000,0.5
500,101,1.1346991062164307,8.550882485020841e-11,0.05,newton,true,0.6,1,10,1000,0.7
500,122,1.1244611740112305,9.336406059356509e-11,0.05,newton,true,0.6,1,10,1000,0.9
500,112,1.2545950412750244,9.727026504553719e-11,0.05,newton,true,0.6,1,10,1000,0.95
500,125,1.5850939750671387,8.24585433297371e-11,0.05,newton,true,0.6,1,10,1000,0.99
500,231,2.3173999786376953,9.149891242083028e-11,0.02,newton,true,0.6,1,10,1000,0.5
500,219,2.2681150436401367,9.454246894780793e-11,0.02,newton,true,0.6,1,10,1000,0.7
500,219,2.3363540172576904,8.742633379301543e-11,0.02,newton,true,0.6,1,10,1000,0.9
500,269,2.831763982772827,8.860490795075186e-11,0.02,newton,true,0.6,1,10,1000,0.95
500,701,14.703782081604004,9.83635646884752e-11,0.02,newton,true,0.6,1,10,1000,0.99
500,372,3.5975890159606934,9.57776933524639e-11,0.01,newton,true,0.6,1,10,1000,0.5
500,340,3.630185127258301,8.927404568451589e-11,0.01,newton,true,0.6,1,10,1000,0.7
500,372,4.647486925125122,7.782718873453084e-11,0.01,newton,true,0.6,1,10,1000,0.9
500,691,11.040966033935547,9.440068306884748e-11,0.01,newton,true,0.6,1,10,1000,0.95
500,5000,90.04117894172668,3.6163800335963405e-7,0.01,newton,false,0.6,1,10,1000,0.99
500,16,0.30667805671691895,4.899713324946316e-11,0.5,exact,true,0.6,1,10,1000,0.5
500,7,0.05419492721557617,2.3320414222270504e-11,0.5,exact,true,0.6,1,10,1000,0.7
500,9,0.06361603736877441,2.0144294985491416e-11,0.5,exact,true,0.6,1,10,1000,0.9
500,19,0.31546688079833984,7.51775190275762e-11,0.5,exact,true,0.6,1,10,1000,0.95
500,22,0.17283010482788086,6.664217015688544e-11,0.5,exact,true,0.6,1,10,1000,0.99
500,23,0.17004013061523438,4.9815152692320086e-11,0.2,exact,true,0.6,1,10,1000,0.5
500,20,0.33220791816711426,8.305397832503377e-11,0.2,exact,true,0.6,1,10,1000,0.7
500,37,0.3052051067352295,9.253380612792173e-11,0.2,exact,true,0.6,1,10,1000,0.9
500,44,0.5352809429168701,9.413963231832414e-11,0.2,exact,true,0.6,1,10,1000,0.95
500,45,0.3639190196990967,8.123540176537862e-11,0.2,exact,true,0.6,1,10,1000,0.99
500,58,0.6735460758209229,8.671660288487346e-11,0.1,exact,true,0.6,1,10,1000,0.5
500,50,0.4450409412384033,9.908875599578846e-11,0.1,exact,true,0.6,1,10,1000,0.7
500,68,0.7871010303497314,8.191249538999496e-11,0.1,exact,true,0.6,1,10,1000,0.9
500,78,0.6614971160888672,9.05463858020126e-11,0.1,exact,true,0.6,1,10,1000,0.95
500,77,0.8152210712432861,6.630403403159164e-11,0.1,exact,true,0.6,1,10,1000,0.99
500,111,0.9490408897399902,9.128928887390342e-11,0.05,exact,true,0.6,1,10,1000,0.5
500,101,1.0862369537353516,9.26997618436723e-11,0.05,exact,true,0.6,1,10,1000,0.7
500,121,1.0547881126403809,9.640740413404817e-11,0.05,exact,true,0.6,1,10,1000,0.9
500,115,1.221851110458374,9.498355308003639e-11,0.05,exact,true,0.6,1,10,1000,0.95
500,123,1.3725199699401855,9.455492338806577e-11,0.05,exact,true,0.6,1,10,1000,0.99
500,230,2.193434000015259,9.633857206449207e-11,0.02,exact,true,0.6,1,10,1000,0.5
500,218,2.2343509197235107,9.368903796263581e-11,0.02,exact,true,0.6,1,10,1000,0.7
500,227,2.2757301330566406,8.033951251849124e-11,0.02,exact,true,0.6,1,10,1000,0.9
500,273,2.9161429405212402,8.711371899966533e-11,0.02,exact,true,0.6,1,10,1000,0.95
500,657,13.42803692817688,9.213033239789178e-11,0.02,exact,true,0.6,1,10,1000,0.99
500,374,3.718035936355591,8.940357089048517e-11,0.01,exact,true,0.6,1,10,1000,0.5
500,338,3.708916187286377,9.072223726344396e-11,0.01,exact,true,0.6,1,10,1000,0.7
500,378,4.853298902511597,9.659460187957365e-11,0.01,exact,true,0.6,1,10,1000,0.9
500,671,11.79445195198059,7.886373602431385e-11,0.01,exact,true,0.6,1,10,1000,0.95
500,5000,83.59883308410645,2.0501810967545323e-7,0.01,exact,false,0.6,1,10,1000,0.99
500,9,0.2198200225830078,2.0182107266891072e-11,0.5,gradient,true,0.6,2,10,1000,0.5
500,19,0.1706540584564209,6.20839002573693e-11,0.5,gradient,true,0.6,2,10,1000,0.7
500,11,0.0830681324005127,5.412138127576305e-11,0.5,gradient,true,0.6,2,10,1000,0.9
500,18,0.32126402854919434,4.1357253369738286e-11,0.5,gradient,true,0.6,2,10,1000,0.95
500,31,0.24419093132019043,7.258209620989856e-11,0.5,gradient,true,0.6,2,10,1000,0.99
500,27,0.39635205268859863,8.459179931599296e-11,0.2,gradient,true,0.6,2,10,1000,0.5
500,28,0.21614813804626465,6.627627129398315e-11,0.2,gradient,true,0.6,2,10,1000,0.7
500,27,0.2038259506225586,8.688994875754143e-11,0.2,gradient,true,0.6,2,10,1000,0.9
500,41,0.5257132053375244,7.784440405237613e-11,0.2,gradient,true,0.6,2,10,1000,0.95
500,81,0.6561169624328613,8.495370212656142e-11,0.2,gradient,true,0.6,2,10,1000,0.99
500,207,1.7780029773712158,9.861924768967397e-11,0.02,exact,true,0.6,2,10,1000,0.5
500,255,2.5148911476135254,9.718855528033015e-11,0.02,exact,true,0.6,2,10,1000,0.7
500,213,2.062314987182617,9.7611459265638e-11,0.02,exact,true,0.6,2,10,1000,0.9
500,269,2.3958699703216553,9.167100822909825e-11,0.02,exact,true,0.6,2,10,1000,0.95
500,239,2.7597169876098633,8.747421596287152e-11,0.02,exact,true,0.6,2,10,1000,0.99
500,295,2.847916841506958,9.653430656018768e-11,0.01,exact,true,0.6,2,10,1000,0.5
500,402,4.0424439907073975,8.800291517988167e-11,0.01,exact,true,0.6,2,10,1000,0.7
500,356,3.596679925918579,9.21206183736681e-11,0.01,exact,true,0.6,2,10,1000,0.9
500,411,4.309924125671387,9.16304744440184e-11,0.01,exact,true,0.6,2,10,1000,0.95
500,564,8.637639999389648,9.029599286663015e-11,0.01,exact,true,0.6,2,10,1000,0.99
500,8,0.20672082901000977,6.372852840861202e-11,0.5,gradient,true,0.6,3,10,1000,0.5
500,15,0.13566088676452637,7.365350402256804e-11,0.5,gradient,true,0.6,3,10,1000,0.7
500,14,0.11231803894042969,6.656216416137368e-11,0.5,gradient,true,0.6,3,10,1000,0.9
500,17,0.28522300720214844,4.57590563156808e-11,0.5,gradient,true,0.6,3,10,1000,0.95
500,47,0.38906216621398926,7.496157581625073e-11,0.5,gradient,true,0.6,3,10,1000,0.99
500,26,0.19362807273864746,5.945320971649049e-11,0.2,gradient,true,0.6,3,10,1000,0.5
500,29,0.40406203269958496,9.027191379732374e-11,0.2,gradient,true,0.6,3,10,1000,0.7
500,30,0.22788214683532715,7.435546041239054e-11,0.2,gradient,true,0.6,3,10,1000,0.9
500,38,0.4692649841308594,8.03938430522533e-11,0.2,gradient,true,0.6,3,10,1000,0.95
500,129,1.018028974533081,9.825361107830759e-11,0.2,gradient,true,0.6,3,10,1000,0.99
500,53,0.4336068630218506,7.78213089284804e-11,0.1,gradient,true,0.6,3,10,1000,0.5
500,63,0.7687849998474121,7.758758121237321e-11,0.1,gradient,true,0.6,3,10,1000,0.7
500,66,0.5480170249938965,8.013081828794619e-11,0.1,gradient,true,0.6,3,10,1000,0.9
500,80,0.8835880756378174,8.668852880061929e-11,0.1,gradient,true,0.6,3,10,1000,0.95
500,322,2.909383773803711,9.810336334367323e-11,0.1,gradient,true,0.6,3,10,1000,0.99
500,114,1.0068819522857666,9.375666839215711e-11,0.05,gradient,true,0.6,3,10,1000,0.5
500,122,1.2866311073303223,9.240756871219585e-11,0.05,gradient,true,0.6,3,10,1000,0.7
500,150,1.3179948329925537,9.359141166110353e-11,0.05,gradient,true,0.6,3,10,1000,0.9
500,199,1.9334399700164795,9.963616246749971e-11,0.05,gradient,true,0.6,3,10,1000,0.95
500,773,6.770051002502441,9.427021592106979e-11,0.05,gradient,true,0.6,3,10,1000,0.99
500,237,2.273568868637085,9.684958312193192e-11,0.02,gradient,true,0.6,3,10,1000,0.5
500,268,2.596379041671753,9.969924655532531e-11,0.02,gradient,true,0.6,3,10,1000,0.7
500,473,4.334675073623657,9.696815237265612e-11,0.02,gradient,true,0.6,3,10,1000,0.9
500,663,6.054021120071411,9.688720302760962e-11,0.02,gradient,true,0.6,3,10,1000,0.95
500,2235,21.878519773483276,9.470289835899747e-11,0.02,gradient,true,0.6,3,10,1000,0.99
500,532,4.9800779819488525,9.59261853872948e-11,0.01,gradient,true,0.6,3,10,1000,0.5
500,542,5.056173086166382,9.299066337847961e-11,0.01,gradient,true,0.6,3,10,1000,0.7
500,1036,9.778499126434326,9.266486784870139e-11,0.01,gradient,true,0.6,3,10,1000,0.9
500,1597,15.428232908248901,9.888813521566145e-11,0.01,gradient,true,0.6,3,10,1000,0.95
500,5000,45.82604002952576,1.3726610113106623e-7,0.01,gradient,false,0.6,3,10,1000,0.99
500,8,0.04912519454956055,5.597203774130359e-11,0.5,newton,true,0.6,3,10,1000,0.5
500,15,0.30226588249206543,7.088380499974833e-11,0.5,newton,true,0.6,3,10,1000,0.7
500,11,0.09269309043884277,6.715158153275491e-11,0.5,newton,true,0.6,3,10,1000,0.9
500,9,0.0636138916015625,1.0298752719949412e-11,0.5,newton,true,0.6,3,10,1000,0.95
500,19,0.3261439800262451,8.43044220927919e-11,0.5,newton,true,0.6,3,10,1000,0.99
500,26,0.2107830047607422,5.973537956755922e-11,0.2,newton,true,0.6,3,10,1000,0.5
500,28,0.21782612800598145,7.37611371332131e-11,0.2,newton,true,0.6,3,10,1000,0.7
500,25,0.39960503578186035,4.806071654322872e-11,0.2,newton,true,0.6,3,10,1000,0.9
500,25,0.19802403450012207,5.2206452051814794e-11,0.2,newton,true,0.6,3,10,1000,0.95
500,48,0.5755829811096191,6.89750298676465e-11,0.2,newton,true,0.6,3,10,1000,0.99
500,53,0.4373819828033447,8.476035862700373e-11,0.1,newton,true,0.6,3,10,1000,0.5
500,61,0.7116198539733887,7.793223650666567e-11,0.1,newton,true,0.6,3,10,1000,0.7
500,57,0.4689640998840332,7.483567802709944e-11,0.1,newton,true,0.6,3,10,1000,0.9
500,56,0.6771841049194336,7.265403121614393e-11,0.1,newton,true,0.6,3,10,1000,0.95
500,77,0.6204898357391357,9.503447173622195e-11,0.1,newton,true,0.6,3,10,1000,0.99
500,114,1.2483229637145996,8.843018208107082e-11,0.05,newton,true,0.6,3,10,1000,0.5
500,127,1.1449849605560303,9.688470464133075e-11,0.05,newton,true,0.6,3,10,1000,0.7
500,115,1.1887140274047852,9.14680475830987e-11,0.05,newton,true,0.6,3,10,1000,0.9
500,101,0.9631369113922119,9.468125072033462e-11,0.05,newton,true,0.6,3,10,1000,0.95
500,130,1.3630671501159668,8.805485609038577e-11,0.05,newton,true,0.6,3,10,1000,0.99
500,221,1.9636261463165283,9.719209204500242e-11,0.02,newton,true,0.6,3,10,1000,0.5
500,237,2.3076910972595215,9.617778546319146e-11,0.02,newton,true,0.6,3,10,1000,0.7
500,213,2.0891239643096924,8.659715278047676e-11,0.02,newton,true,0.6,3,10,1000,0.9
500,201,1.742948055267334,9.46866828886081e-11,0.02,newton,true,0.6,3,10,1000,0.95
500,304,3.6736299991607666,9.922700024280836e-11,0.02,newton,true,0.6,3,10,1000,0.99
500,326,3.383759021759033,9.902569104881776e-11,0.01,newton,true,0.6,3,10,1000,0.5
500,329,3.5658528804779053,8.911240822336694e-11,0.01,newton,true,0.6,3,10,1000,0.7
500,313,3.053922176361084,9.017233537151169e-11,0.01,newton,true,0.6,3,10,1000,0.9
500,346,3.7985260486602783,7.847227493930177e-11,0.01,newton,true,0.6,3,10,1000,0.95
500,1503,32.62440299987793,9.33415388334218e-11,0.01,newton,true,0.6,3,10,1000,0.99
500,8,0.20972394943237305,5.597325835716328e-11,0.5,exact,true,0.6,3,10,1000,0.5
500,15,0.14095616340637207,7.0866404493034e-11,0.5,exact,true,0.6,3,10,1000,0.7
500,13,0.11363697052001953,3.577253312461002e-11,0.5,exact,true,0.6,3,10,1000,0.9
500,9,0.06364202499389648,1.0638640369445842e-11,0.5,exact,true,0.6,3,10,1000,0.95
500,18,0.2981889247894287,7.410280207358636e-11,0.5,exact,true,0.6,3,10,1000,0.99
500,26,0.2173919677734375,6.006792900049458e-11,0.2,exact,true,0.6,3,10,1000,0.5
500,28,0.22269797325134277,7.409163158344596e-11,0.2,exact,true,0.6,3,10,1000,0.7
500,25,0.3746659755706787,9.025508743606587e-11,0.2,exact,true,0.6,3,10,1000,0.9
500,25,0.1932849884033203,9.325001088049651e-11,0.2,exact,true,0.6,3,10,1000,0.95
500,48,0.37387704849243164,8.162764653874227e-11,0.2,exact,true,0.6,3,10,1000,0.99
500,53,0.6529800891876221,8.467752345689884e-11,0.1,exact,true,0.6,3,10,1000,0.5
500,61,0.5091350078582764,7.733793353586226e-11,0.1,exact,true,0.6,3,10,1000,0.7
500,56,0.6662571430206299,8.750404689819986e-11,0.1,exact,true,0.6,3,10,1000,0.9
500,56,0.46036696434020996,8.850492198928971e-11,0.1,exact,true,0.6,3,10,1000,0.95
500,77,0.8304460048675537,9.66382224123446e-11,0.1,exact,true,0.6,3,10,1000,0.99
500,114,1.0069479942321777,8.805133815234562e-11,0.05,exact,true,0.6,3,10,1000,0.5
500,127,1.3625938892364502,9.71420951483823e-11,0.05,exact,true,0.6,3,10,1000,0.7
500,114,1.0131220817565918,8.619111550114892e-11,0.05,exact,true,0.6,3,10,1000,0.9
500,101,1.0431408882141113,9.291744629342168e-11,0.05,exact,true,0.6,3,10,1000,0.95
500,130,1.1263270378112793,9.892569900399348e-11,0.05,exact,true,0.6,3,10,1000,0.99
500,222,2.1206789016723633,9.657549844891457e-11,0.02,exact,true,0.6,3,10,1000,0.5
500,237,2.0862319469451904,9.776143268379586e-11,0.02,exact,true,0.6,3,10,1000,0.7
500,211,2.0966849327087402,9.822784824062244e-11,0.02,exact,true,0.6,3,10,1000,0.9
500,195,1.7299540042877197,8.308966944656594e-11,0.02,exact,true,0.6,3,10,1000,0.95
500,290,3.582089900970459,9.171265993240607e-11,0.02,exact,true,0.6,3,10,1000,0.99
500,331,3.2158501148223877,9.402156302048422e-11,0.01,exact,true,0.6,3,10,1000,0.5
500,329,3.4219110012054443,9.579161661660505e-11,0.01,exact,true,0.6,3,10,1000,0.7
500,309,3.0010478496551514,9.578072181674811e-11,0.01,exact,true,0.6,3,10,1000,0.9
500,336,3.6846489906311035,9.869610043752227e-11,0.01,exact,true,0.6,3,10,1000,0.95
500,1456,29.794677019119263,7.404908407542504e-11,0.01,exact,true,0.6,3,10,1000,0.99
