passes,init_partial0F,init_relgap,final_relgap,nnz_solution,randomize,strategy,times,dataset,warm_start,reg_grid,lambdamax,start_kind,ordering
5,100.0,0.11870910076930719,5.731545379950945e-9,0,false,gradient,0.03392505645751953,simulated,false,1.0,64.19253505215202,cold,cyclic
13,100.0,0.1598475699784372,6.319952201498407e-9,10,false,gradient,0.26627683639526367,simulated,false,0.756646727558943,64.19253505215202,cold,cyclic
16,100.0,0.24539047426054683,8.506814572513592e-9,11,false,gradient,0.11396408081054688,simulated,false,0.5725142703256574,64.19253505215202,cold,cyclic
19,100.0,0.3443128402442381,6.424307325917121e-9,14,false,gradient,0.10476899147033691,simulated,false,0.43319104912270473,64.19253505215202,cold,cyclic
22,100.0,0.4423099034504825,9.673193158524941e-9,20,false,gradient,0.12815022468566895,simulated,false,0.32777258972651985,64.19253505215202,cold,cyclic
28,100.0,0.5327346190923794,7.467156215214065e-9,39,false,gradient,0.16178488731384277,simulated,false,0.2480080574000913,64.19253505215202,cold,cyclic
37,100.0,0.6128599453938585,7.041397918896685e-9,64,false,gradient,0.284074068069458,simulated,false,0.18765448504002957,64.19253505215202,cold,cyclic
51,100.0,0.6820297979373803,7.535967431372499e-9,100,false,gradient,0.4554719924926758,simulated,false,0.14198815201729703,64.19253505215202,cold,cyclic
73,100.0,0.7406644721933645,7.933499182318534e-9,133,false,gradient,0.6982500553131104,simulated,false,0.10743487057602952,64.19253505215202,cold,cyclic
99,100.0,0.7897047968455836,9.71144707306008e-9,153,false,gradient,0.7298259735107422,simulated,false,0.08129024324707132,64.19253505215202,cold,cyclic
137,100.0,0.8302982601575181,9.71181152762786e-9,167,false,gradient,0.9035868644714355,simulated,false,0.06150799653536698,64.19253505215202,cold,cyclic
195,100.0,0.8636241363397819,9.318443756807621e-9,181,false,gradient,1.3121569156646729,simulated,false,0.04653982429719224,64.19253505215202,cold,cyclic
267,100.0,0.8908001350011554,9.400964459041159e-9,194,false,gradient,2.1059350967407227,simulated,false,0.03521420575563868,64.19253505215202,cold,cyclic
300,100.0,0.9128371285527405,2.3301785091213263e-7,200,false,gradient,2.0155351161956787,simulated,false,0.026644713548591308,64.19253505215202,cold,cyclic
300,100.0,0.9306219834740698,9.032939867092322e-6,209,false,gradient,2.0001370906829834,simulated,false,0.02016063531328705,64.19253505215202,cold,cyclic
300,100.0,0.9449163945000076,0.00012383429474718938,208,false,gradient,2.1892309188842773,simulated,false,0.015254478735307905,64.19253505215202,cold,cyclic
300,100.0,0.95636435774686,0.0010793081233777288,215,false,gradient,2.0023000240325928,simulated,false,0.011542251415688211,64.19253505215202,cold,cyclic
300,100.0,0.9655038244899873,0.006266073904974186,218,false,gradient,2.212071180343628,simulated,false,0.008733406762343065,64.19253505215202,cold,cyclic
300,100.0,0.972779880236669,0.023926328211745382,228,false,gradient,2.0484468936920166,simulated,false,0.006608103647168024,64.19253505215202,cold,cyclic
300,100.0,0.9785579174514318,0.05551836797718681,232,false,gradient,2.106034994125366,simulated,false,0.005000000000000002,64.19253505215202,cold,cyclic
5,100.0,0.11870910076930719,5.731545379950945e-9,0,false,gradient,0.024299144744873047,simulated,true,1.0,64.19253505215202,warm,cyclic
13,0.019174031301166128,0.04667978990865885,4.582415123981238e-9,10,false,gradient,0.23023700714111328,simulated,true,0.756646727558943,64.19253505215202,warm,cyclic
17,6.564813437304196e-8,0.04256810140755637,6.0317042572814566e-9,11,false,gradient,0.11565995216369629,simulated,true,0.5725142703256574,64.19253505215202,warm,cyclic
18,4.493644378822381e-8,0.036838219596899875,5.877836820102913e-9,14,false,gradient,0.10245609283447266,simulated,true,0.43319104912270473,64.19253505215202,warm,cyclic
21,1.7463472512524447e-7,0.03408187082263431,4.64935782754734e-9,20,false,gradient,0.11627912521362305,simulated,true,0.32777258972651985,64.19253505215202,warm,cyclic
25,5.75127602764347e-7,0.032382587004345396,9.617716846014436e-9,39,false,gradient,0.13593697547912598,simulated,true,0.2480080574000913,64.19253505215202,warm,cyclic
33,1.6825924156194105e-6,0.03074605988208381,9.522598645270382e-9,64,false,gradient,0.18573904037475586,simulated,true,0.18765448504002957,64.19253505215202,warm,cyclic
46,1.2077601385662717e-6,0.028549703985834295,9.391752675190548e-9,100,false,gradient,0.27410101890563965,simulated,true,0.14198815201729703,64.19253505215202,warm,cyclic
67,6.83026152970001e-7,0.02539469144233284,8.01547808330176e-9,133,false,gradient,0.5989120006561279,simulated,true,0.10743487057602952,64.19253505215202,warm,cyclic
91,4.5667118081516023e-7,0.021767526074809775,8.518251888602879e-9,153,false,gradient,0.5835700035095215,simulated,true,0.08129024324707132,64.19253505215202,warm,cyclic
124,4.5232669287909033e-7,0.01879219354271475,9.863478675007452e-9,167,false,gradient,0.7948498725891113,simulated,true,0.06150799653536698,64.19253505215202,warm,cyclic
176,6.103189009801224e-7,0.01649899155226614,9.578303978978622e-9,181,false,gradient,1.1353940963745117,simulated,true,0.04653982429719224,64.19253505215202,warm,cyclic
237,4.7604913293308737e-7,0.014684469728089632,9.937248130724712e-9,194,false,gradient,1.7503869533538818,simulated,true,0.03521420575563868,64.19253505215202,warm,cyclic
300,5.504466006889253e-7,0.013218376546094557,4.167991330922185e-8,200,false,gradient,2.032978057861328,simulated,true,0.026644713548591308,64.19253505215202,warm,cyclic
300,1.652072167013241e-6,0.012022709291752802,1.3966272373175852e-6,209,false,gradient,2.136826992034912,simulated,true,0.02016063531328705,64.19253505215202,warm,cyclic
300,5.540057545790067e-5,0.011042841208025605,1.4322705913045582e-5,208,false,gradient,2.2467401027679443,simulated,true,0.015254478735307905,64.19253505215202,warm,cyclic
300,0.00047948649244450477,0.010239155919862396,0.00010628431628417447,215,false,gradient,2.0031380653381348,simulated,true,0.011542251415688211,64.19253505215202,warm,cyclic
300,0.0025044133526120876,0.009645737907438343,0.0005034386224330961,217,false,gradient,2.20350980758667,simulated,true,0.008733406762343065,64.19253505215202,warm,cyclic
300,0.007149766871547137,0.009451447285937326,0.0016573416644131344,221,false,gradient,2.033715009689331,simulated,true,0.006608103647168024,64.19253505215202,warm,cyclic
300,0.015214107992368385,0.010065144924045932,0.004569787841374361,229,false,gradient,1.9790549278259277,simulated,true,0.005000000000000002,64.19253505215202,warm,cyclic
5,100.0,0.11870910076930719,5.731545379950945e-9,0,true,gradient,0.02502608299255371,simulated,false,1.0,64.19253505215202,cold,permuted
19,100.0,0.1598475699784372,6.189538395186546e-9,10,true,gradient,0.2927110195159912,simulated,false,0.756646727558943,64.19253505215202,cold,permuted
24,100.0,0.24539047426054683,9.905286350436503e-9,11,true,gradient,0.15030884742736816,simulated,false,0.5725142703256574,64.19253505215202,cold,permuted
21,100.0,0.3443128402442381,5.141325972657783e-9,14,true,gradient,0.11806511878967285,simulated,false,0.43319104912270473,64.19253505215202,cold,permuted
28,100.0,0.4423099034504825,5.7892976846845156e-9,20,true,gradient,0.1556539535522461,simulated,false,0.32777258972651985,64.19253505215202,cold,permuted
34,100.0,0.5327346190923794,2.839450016080475e-9,39,true,gradient,0.1954660415649414,simulated,false,0.2480080574000913,64.19253505215202,cold,permuted
44,100.0,0.6128599453938585,6.615970459468761e-9,64,true,gradient,0.25876688957214355,simulated,false,0.18765448504002957,64.19253505215202,cold,permuted
56,100.0,0.6820297979373803,9.903432252386198e-9,100,true,gradient,0.34196901321411133,simulated,false,0.14198815201729703,64.19253505215202,cold,permuted
86,100.0,0.7406644721933645,7.2166988481582296e-9,133,true,gradient,0.8275589942932129,simulated,false,0.10743487057602952,64.19253505215202,cold,permuted
114,100.0,0.7897047968455836,8.135685867395877e-9,153,true,gradient,0.7221231460571289,simulated,false,0.08129024324707132,64.19253505215202,cold,permuted
157,100.0,0.8302982601575181,7.524888057934445e-9,167,true,gradient,1.0123341083526611,simulated,false,0.06150799653536698,64.19253505215202,cold,permuted
213,100.0,0.8636241363397819,9.898169157123043e-9,181,true,gradient,1.579535961151123,simulated,false,0.04653982429719224,64.19253505215202,cold,permuted
294,100.0,0.8908001350011554,8.500116602899299e-9,194,true,gradient,1.9424829483032227,simulated,false,0.03521420575563868,64.19253505215202,cold,permuted
300,100.0,0.9128371285527405,6.837092451716862e-7,200,true,gradient,1.9949798583984375,simulated,false,0.026644713548591308,64.19253505215202,cold,permuted
300,100.0,0.9306219834740698,1.9861188429398988e-5,209,true,gradient,2.276867151260376,simulated,false,0.02016063531328705,64.19253505215202,cold,permuted
300,100.0,0.9449163945000076,0.00018083070549153286,208,true,gradient,2.022722005844116,simulated,false,0.015254478735307905,64.19253505215202,cold,permuted
300,100.0,0.95636435774686,0.0013916029198579598,215,true,gradient,2.238940954208374,simulated,false,0.011542251415688211,64.19253505215202,cold,permuted
300,100.0,0.9655038244899873,0.007453678941588703,218,true,gradient,2.0945520401000977,simulated,false,0.008733406762343065,64.19253505215202,cold,permuted
300,100.0,0.972779880236669,0.02729448463749489,229,true,gradient,2.2621119022369385,simulated,false,0.006608103647168024,64.19253505215202,cold,permuted
300,100.0,0.9785579174514318,0.05827452847216786,233,true,gradient,2.156337022781372,simulated,false,0.005000000000000002,64.19253505215202,cold,permuted
5,100.0,0.11870910076930719,5.731545379950945e-9,0,true,gradient,0.02440500259399414,simulated,true,1.0,64.19253505215202,warm,permuted
18,0.019174031301166128,0.04667978990865885,5.969196929853175e-9,10,true,gradient,0.09687590599060059,simulated,true,0.756646727558943,64.19253505215202,warm,permuted
21,1.237012906551982e-7,0.04256810139162042,4.385391394606794e-9,11,true,gradient,0.3110780715942383,simulated,true,0.5725142703256574,64.19253505215202,warm,permuted
22,6.336356084268857e-8,0.03683821238431787,7.510266376539032e-9,14,true,gradient,0.1391439437866211,simulated,true,0.43319104912270473,64.19253505215202,warm,permuted
25,1.5915678575062486e-7,0.03408187109014606,3.843015983060227e-9,20,true,gradient,0.14957618713378906,simulated,true,0.32777258972651985,64.19253505215202,warm,permuted
30,2.8974970123218924e-7,0.03238258497317481,5.3782093502058406e-9,39,true,gradient,0.17459583282470703,simulated,true,0.2480080574000913,64.19253505215202,warm,permuted
38,4.4842620416929435e-7,0.03074604962366862,4.939488054524869e-9,64,true,gradient,0.22691011428833008,simulated,true,0.18765448504002957,64.19253505215202,warm,permuted
52,6.623533315708308e-7,0.028549696255805442,6.380087229770865e-9,100,true,gradient,0.31075501441955566,simulated,true,0.14198815201729703,64.19253505215202,warm,permuted
77,4.670278049012655e-7,0.025394687462522634,6.634659206721113e-9,133,true,gradient,0.4800128936767578,simulated,true,0.10743487057602952,64.19253505215202,warm,permuted
104,3.0191510869137517e-7,0.02176752427442773,6.982068654363915e-9,153,true,gradient,0.864670991897583,simulated,true,0.08129024324707132,64.19253505215202,warm,permuted
142,2.707826936010349e-7,0.018792191637816872,7.288469544266191e-9,167,true,gradient,0.9123489856719971,simulated,true,0.06150799653536698,64.19253505215202,warm,permuted
196,3.3085812647243307e-7,0.01649898829511511,9.460033873525635e-9,181,true,gradient,1.2730650901794434,simulated,true,0.04653982429719224,64.19253505215202,warm,permuted
262,3.334509353844495e-7,0.014684469374644222,9.735841546829592e-9,194,true,gradient,1.9441461563110352,simulated,true,0.03521420575563868,64.19253505215202,warm,permuted
300,3.7644643983980597e-7,0.013218376031314759,1.0271145305706174e-7,200,true,gradient,2.141453981399536,simulated,true,0.026644713548591308,64.19253505215202,warm,permuted
300,3.657922447913853e-6,0.012022795114867525,1.696883061784458e-6,209,true,gradient,2.315591812133789,simulated,true,0.02016063531328705,64.19253505215202,warm,permuted
300,8.406130149842331e-5,0.011043592618511877,2.1066255896224398e-5,208,true,gradient,2.064436912536621,simulated,true,0.015254478735307905,64.19253505215202,warm,permuted
300,0.0005902608116289581,0.010244877807313132,0.0001505596872415537,215,true,gradient,2.2531981468200684,simulated,true,0.011542251415688211,64.19253505215202,warm,permuted
300,0.0027716722919136454,0.009686560896027575,0.0005863727120208681,217,true,gradient,2.007556915283203,simulated,true,0.008733406762343065,64.19253505215202,warm,permuted
300,0.007583418129252829,0.00956025794518601,0.001992054619864793,221,true,gradient,2.0604372024536133,simulated,true,0.006608103647168024,64.19253505215202,warm,permuted
300,0.015574506673590073,0.010168905428158913,0.0047578008275628615,229,true,gradient,2.256260871887207,simulated,true,0.005000000000000002,64.19253505215202,warm,permuted
4,100.0,0.11870910076930719,-1.1166490234166606e-15,0,false,newton,0.021420955657958984,simulated,false,1.0,64.19253505215202,cold,cyclic
13,100.0,0.1598475699784372,6.047980226959327e-9,10,false,newton,0.07828402519226074,simulated,false,0.756646727558943,64.19253505215202,cold,cyclic
16,100.0,0.24539047426054683,6.564885449458117e-9,11,false,newton,0.08469200134277344,simulated,false,0.5725142703256574,64.19253505215202,cold,cyclic
18,100.0,0.3443128402442381,7.749640007907408e-9,14,false,newton,0.10888195037841797,simulated,false,0.43319104912270473,64.19253505215202,cold,cyclic
20,100.0,0.4423099034504825,6.899531998181532e-9,20,false,newton,0.11518406867980957,simulated,false,0.32777258972651985,64.19253505215202,cold,cyclic
22,100.0,0.5327346190923794,4.596922815835601e-9,39,false,newton,0.29004406929016113,simulated,false,0.2480080574000913,64.19253505215202,cold,cyclic
29,100.0,0.6128599453938585,8.420395065922532e-9,64,false,newton,0.2147819995880127,simulated,false,0.18765448504002957,64.19253505215202,cold,cyclic
39,100.0,0.6820297979373803,6.096904752534811e-9,100,false,newton,0.24078011512756348,simulated,false,0.14198815201729703,64.19253505215202,cold,cyclic
56,100.0,0.7406644721933645,9.369410360742989e-9,133,false,newton,0.35008716583251953,simulated,false,0.10743487057602952,64.19253505215202,cold,cyclic
71,100.0,0.7897047968455836,9.135466730675502e-9,153,false,newton,0.46305394172668457,simulated,false,0.08129024324707132,64.19253505215202,cold,cyclic
96,100.0,0.8302982601575181,9.752650774382788e-9,167,false,newton,0.6196939945220947,simulated,false,0.06150799653536698,64.19253505215202,cold,cyclic
118,100.0,0.8636241363397819,9.286381785463626e-9,181,false,newton,0.9744689464569092,simulated,false,0.04653982429719224,64.19253505215202,cold,cyclic
165,100.0,0.8908001350011554,9.70519987581544e-9,194,false,newton,1.1016240119934082,simulated,false,0.03521420575563868,64.19253505215202,cold,cyclic
183,100.0,0.9128371285527405,7.183855517394671e-9,200,false,newton,1.2208549976348877,simulated,false,0.026644713548591308,64.19253505215202,cold,cyclic
253,100.0,0.9306219834740698,9.499431719732584e-9,209,false,newton,1.68094801902771,simulated,false,0.02016063531328705,64.19253505215202,cold,cyclic
257,100.0,0.9449163945000076,9.531610308183765e-9,208,false,newton,1.8976709842681885,simulated,false,0.015254478735307905,64.19253505215202,cold,cyclic
298,100.0,0.95636435774686,8.667699186035397e-9,215,false,newton,2.005107879638672,simulated,false,0.011542251415688211,64.19253505215202,cold,cyclic
300,100.0,0.9655038244899873,7.087329229326291e-8,217,false,newton,2.291533946990967,simulated,false,0.008733406762343065,64.19253505215202,cold,cyclic
300,100.0,0.972779880236669,4.6879239022982184e-7,221,false,newton,2.0653960704803467,simulated,false,0.006608103647168024,64.19253505215202,cold,cyclic
300,100.0,0.9785579174514318,1.2601075545734842e-6,225,false,newton,2.0639960765838623,simulated,false,0.005000000000000002,64.19253505215202,cold,cyclic
6,1166.5,0.8103067618827862,1.7791857375634104e-9,0,true,newton,0.05328989028930664,w1a,true,1.0,16.06419055308849,warm,permuted
9,0.009001312168258835,0.09156778015603252,2.1663726596261124e-9,4,true,newton,0.2642710208892822,w1a,true,0.756646727558943,16.06419055308849,warm,permuted
40,1.1368683772161603e-13,0.07638264014097587,8.024176190031747e-9,16,true,newton,0.622373104095459,w1a,true,0.5725142703256574,16.06419055308849,warm,permuted
54,6.465938895416912e-13,0.06934508824150716,6.47219692035847e-9,17,true,newton,0.7722611427307129,w1a,true,0.43319104912270473,16.06419055308849,warm,permuted
68,2.5934809855243657e-13,0.06430110288300028,4.257662461078603e-9,25,true,newton,1.2831990718841553,w1a,true,0.32777258972651985,16.06419055308849,warm,permuted
90,2.1316282072803006e-14,0.06101501343698676,7.847599913575215e-9,46,true,newton,1.4447898864746094,w1a,true,0.2480080574000913,16.06419055308849,warm,permuted
104,2.021138811869605e-7,0.06323957723984733,5.192922446012672e-9,46,true,newton,1.7794568538665771,w1a,true,0.18765448504002957,16.06419055308849,warm,permuted
84,2.0961010704922955e-13,0.06691330505313307,5.7391790714301306e-9,76,true,newton,1.6001780033111572,w1a,true,0.14198815201729703,16.06419055308849,warm,permuted
91,9.166001291305292e-13,0.067901260098382,9.074362797231002e-9,82,true,newton,1.6888890266418457,w1a,true,0.10743487057602952,16.06419055308849,warm,permuted
109,9.023892744153272e-13,0.06585613997603627,2.4803931093297554e-9,94,true,newton,1.9703738689422607,w1a,true,0.08129024324707132,16.06419055308849,warm,permuted
96,6.394884621840902e-14,0.06370376353599795,6.066311943745378e-9,111,true,newton,1.8615880012512207,w1a,true,0.06150799653536698,16.06419055308849,warm,permuted
137,1.3447021274259896e-12,0.061234018461382725,4.293685962145514e-9,122,true,newton,2.6743059158325195,w1a,true,0.04653982429719224,16.06419055308849,warm,permuted
158,2.5934809855243657e-13,0.060565681559724104,7.812787583775432e-9,129,true,newton,3.1702518463134766,w1a,true,0.03521420575563868,16.06419055308849,warm,permuted
111,2.149391775674303e-13,0.06095079773437772,7.553449255834915e-9,132,true,newton,2.1814630031585693,w1a,true,0.026644713548591308,16.06419055308849,warm,permuted
147,1.7763568394002505e-15,0.06219824600556025,5.448929138316117e-9,138,true,newton,3.08516001701355,w1a,true,0.02016063531328705,16.06419055308849,warm,permuted
166,2.788880237858393e-13,0.06317304957213525,6.12850135225369e-9,150,true,newton,3.502279043197632,w1a,true,0.015254478735307905,16.06419055308849,warm,permuted
190,1.234568003383174e-13,0.06340938029211411,9.040261393998256e-9,161,true,newton,4.0445709228515625,w1a,true,0.011542251415688211,16.06419055308849,warm,permuted
251,1.5631940186722204e-13,0.06406129577312838,9.680639243222404e-9,170,true,newton,5.432244062423706,w1a,true,0.008733406762343065,16.06419055308849,warm,permuted
300,1.199040866595169e-13,0.06478769222687689,3.245819142108753e-8,173,true,newton,6.467864036560059,w1a,true,0.006608103647168024,16.06419055308849,warm,permuted
300,1.4832579608992091e-13,0.06570446581046534,1.7999774225407193e-6,169,true,newton,6.607356071472168,w1a,true,0.005000000000000002,16.06419055308849,warm,permuted
2,1166.5,0.8103067618827862,-1.0471963586771903e-15,0,false,exact,0.0157468318939209,w1a,false,1.0,16.06419055308849,cold,cyclic
9,1166.5,0.8276765503011937,1.0713493901157017e-9,5,false,exact,0.09478592872619629,w1a,false,0.756646727558943,16.06419055308849,cold,cyclic
33,1166.5,0.8526017531644534,9.710298997596842e-9,12,false,exact,0.5446572303771973,w1a,false,0.5725142703256574,16.06419055308849,cold,cyclic
48,1166.5,0.8767758487791965,4.319544596645317e-9,17,false,exact,0.871100902557373,w1a,false,0.43319104912270473,16.06419055308849,cold,cyclic
58,1166.5,0.8983803897694991,9.469264682296322e-9,25,false,exact,0.8802289962768555,w1a,false,0.32777258972651985,16.06419055308849,cold,cyclic
83,1166.5,0.91698239760121,8.665616702805067e-9,41,false,exact,1.518955945968628,w1a,false,0.2480080574000913,16.06419055308849,cold,cyclic
58,1166.5,0.9326554335424097,8.152602755615334e-9,46,false,exact,1.0118658542633057,w1a,false,0.18765448504002957,16.06419055308849,cold,cyclic
73,1166.5,0.9456720556306124,9.007700087250138e-9,69,false,exact,1.292090892791748,w1a,false,0.14198815201729703,16.06419055308849,cold,cyclic
78,1166.5,0.9563711726185408,8.519551686280606e-9,79,false,exact,1.3606798648834229,w1a,false,0.10743487057602952,16.06419055308849,cold,cyclic
97,1166.5,0.9650964005679238,8.811973148303509e-9,77,false,exact,1.7838499546051025,w1a,false,0.08129024324707132,16.06419055308849,cold,cyclic
111,1166.5,0.9721676187849834,9.720893789462724e-9,102,false,exact,2.051815986633301,w1a,false,0.06150799653536698,16.06419055308849,cold,cyclic
114,1166.5,0.9778691961934661,9.548570551034761e-9,122,false,exact,2.316826105117798,w1a,false,0.04653982429719224,16.06419055308849,cold,cyclic
121,1166.5,0.9824468107061896,8.923537373092312e-9,127,false,exact,2.306177854537964,w1a,false,0.03521420575563868,16.06419055308849,cold,cyclic
132,1166.5,0.9861086398646193,9.347647119925307e-9,122,false,exact,2.6384799480438232,w1a,false,0.026644713548591308,16.06419055308849,cold,cyclic
151,1166.5,0.9890286330690579,9.087309599900828e-9,138,false,exact,3.165919065475464,w1a,false,0.02016063531328705,16.06419055308849,cold,cyclic
168,1166.5,0.9913506071381764,8.79981695196733e-9,149,false,exact,3.5043389797210693,w1a,false,0.015254478735307905,16.06419055308849,cold,cyclic
202,1166.5,0.99319248065913,9.99721576804519e-9,157,false,exact,4.214426040649414,w1a,false,0.011542251415688211,16.06419055308849,cold,cyclic
281,1166.5,0.9946502894067152,9.84401276305327e-9,164,false,exact,6.050585985183716,w1a,false,0.008733406762343065,16.06419055308849,cold,cyclic
300,1166.5,0.9958018129373072,5.710222309065105e-7,173,false,exact,6.359570026397705,w1a,false,0.006608103647168024,16.06419055308849,cold,cyclic
300,1166.5,0.9967097497473592,3.5508919714527396e-5,177,false,exact,6.453426122665405,w1a,false,0.005000000000000002,16.06419055308849,cold,cyclic
2,1166.5,0.8103067618827862,-1.0471963586771903e-15,0,false,exact,0.01113581657409668,w1a,true,1.0,16.06419055308849,warm,cyclic
8,2.842170943040401e-14,0.09156777853976172,6.963913306661886e-9,4,false,exact,0.08772087097167969,w1a,true,0.756646727558943,16.06419055308849,warm,cyclic
32,2.2168933355715126e-12,0.07638263131997322,8.583501116469607e-9,13,false,exact,0.5383331775665283,w1a,true,0.5725142703256574,16.06419055308849,warm,cyclic
44,6.750155989720952e-14,0.06934509513056417,7.883569983393499e-9,15,false,exact,0.8242220878601074,w1a,true,0.43319104912270473,16.06419055308849,warm,cyclic
51,1.2789769243681803e-13,0.06430110765864387,9.001349549973589e-9,25,false,exact,0.7890129089355469,w1a,true,0.32777258972651985,16.06419055308849,warm,cyclic
81,3.552713678800501e-14,0.06101502573264768,9.933331965709431e-9,38,false,exact,1.3182001113891602,w1a,true,0.2480080574000913,16.06419055308849,warm,cyclic
82,1.4210854715202004e-13,0.06323958305533955,9.384254930949307e-9,41,false,exact,1.5432181358337402,w1a,true,0.18765448504002957,16.06419055308849,warm,cyclic
82,4.192202140984591e-13,0.06691331473033027,9.939287754656377e-9,58,false,exact,1.3584558963775635,w1a,true,0.14198815201729703,16.06419055308849,warm,cyclic
68,1.4921397450962104e-13,0.06790127304808698,9.85068856249016e-9,71,false,exact,1.2220427989959717,w1a,true,0.10743487057602952,16.06419055308849,warm,cyclic
90,3.801403636316536e-13,0.065856145457699,9.871373561125714e-9,88,false,exact,1.719614028930664,w1a,true,0.08129024324707132,16.06419055308849,warm,cyclic
105,3.0375701953744283e-13,0.06370377776806102,9.689233911360714e-9,109,false,exact,1.9951679706573486,w1a,true,0.06150799653536698,16.06419055308849,warm,cyclic
113,1.0658141036401503e-13,0.06123402595012885,9.90358786421555e-9,110,false,exact,2.171334981918335,w1a,true,0.04653982429719224,16.06419055308849,warm,cyclic
115,9.879386198008433e-11,0.060565691547651124,8.892393557178512e-9,112,false,exact,2.41121506690979,w1a,true,0.03521420575563868,16.06419055308849,warm,cyclic
111,3.375077994860476e-14,0.06095079934159271,9.319072773472108e-9,111,false,exact,2.178809881210327,w1a,true,0.026644713548591308,16.06419055308849,warm,cyclic
119,6.394884621840902e-14,0.06219824983850329,9.780275508814831e-9,120,false,exact,2.250580072402954,w1a,true,0.02016063531328705,16.06419055308849,warm,cyclic
138,4.618527782440651e-14,0.06317305833277519,8.541013084325946e-9,144,false,exact,2.9820590019226074,w1a,true,0.015254478735307905,16.06419055308849,warm,cyclic
160,2.389199948993337e-13,0.06340938500201974,9.616693343695966e-9,156,false,exact,3.3559751510620117,w1a,true,0.011542251415688211,16.06419055308849,warm,cyclic
252,3.7481129311345285e-13,0.06406128976555338,9.57282185025317e-9,171,false,exact,5.194440841674805,w1a,true,0.008733406762343065,16.06419055308849,warm,cyclic
300,3.019806626980426e-14,0.06478768730147753,3.1460311864102284e-8,174,false,exact,6.554364919662476,w1a,true,0.006608103647168024,16.06419055308849,warm,cyclic
300,1.687538997430238e-14,0.0657044163085275,2.0314113705555385e-6,176,false,exact,6.356987953186035,w1a,true,0.005000000000000002,16.06419055308849,warm,cyclic
2,1166.5,0.8103067618827862,-1.0471963586771903e-15,0,true,exact,0.01085805892944336,w1a,false,1.0,16.06419055308849,cold,permuted
9,1166.5,0.8276765503011937,1.1176743989021242e-9,6,true,exact,0.2736928462982178,w1a,false,0.756646727558943,16.06419055308849,cold,permuted
39,1166.5,0.8526017531644534,6.326391360225071e-9,16,true,exact,0.6221950054168701,w1a,false,0.5725142703256574,16.06419055308849,cold,permuted
58,1166.5,0.8767758487791965,6.7019014560783236e-9,17,true,exact,0.9871840476989746,w1a,false,0.43319104912270473,16.06419055308849,cold,permuted
85,1166.5,0.8983803897694991,5.018146297004947e-9,25,true,exact,1.3468608856201172,w1a,false,0.32777258972651985,16.06419055308849,cold,permuted
116,1166.5,0.91698239760121,8.590811113959268e-9,31,true,exact,2.1127898693084717,w1a,false,0.2480080574000913,16.06419055308849,cold,permuted
102,1166.5,0.9326554335424097,4.307189695127124e-9,46,true,exact,1.767153024673462,w1a,false,0.18765448504002957,16.06419055308849,cold,permuted
84,1166.5,0.9456720556306124,7.728170716620447e-9,69,true,exact,1.4502358436584473,w1a,false,0.14198815201729703,16.06419055308849,cold,permuted
110,1166.5,0.9563711726185408,8.879797946649409e-9,81,true,exact,2.1241588592529297,w1a,false,0.10743487057602952,16.06419055308849,cold,permuted
125,1166.5,0.9650964005679238,8.897872628952487e-9,94,true,exact,2.24298095703125,w1a,false,0.08129024324707132,16.06419055308849,cold,permuted
144,1166.5,0.9721676187849834,8.705509147082731e-9,111,true,exact,2.896784782409668,w1a,false,0.06150799653536698,16.06419055308849,cold,permuted
186,1166.5,0.9778691961934661,9.433106465225251e-9,122,true,exact,3.5663421154022217,w1a,false,0.04653982429719224,16.06419055308849,cold,permuted
163,1166.5,0.9824468107061896,9.372636315732478e-9,112,true,exact,3.2513210773468018,w1a,false,0.03521420575563868,16.06419055308849,cold,permuted
158,1166.5,0.9861086398646193,8.355733891032375e-9,115,true,exact,3.175801992416382,w1a,false,0.026644713548591308,16.06419055308849,cold,permuted
178,1166.5,0.9890286330690579,5.380215345601256e-9,123,true,exact,3.4506590366363525,w1a,false,0.02016063531328705,16.06419055308849,cold,permuted
193,1166.5,0.9913506071381764,9.040889388161544e-9,133,true,exact,3.9373509883880615,w1a,false,0.015254478735307905,16.06419055308849,cold,permuted
222,1166.5,0.99319248065913,8.86044110065224e-9,161,true,exact,4.6363749504089355,w1a,false,0.011542251415688211,16.06419055308849,cold,permuted
300,1166.5,0.9946502894067152,0.009894512954977067,169,true,exact,6.432597875595093,w1a,false,0.008733406762343065,16.06419055308849,cold,permuted
300,1166.5,0.9958018129373072,1.8253989545037383e-7,157,true,exact,6.303442001342773,w1a,false,0.006608103647168024,16.06419055308849,cold,permuted
300,1166.5,0.9967097497473592,6.936696163387138e-6,162,true,exact,6.355787038803101,w1a,false,0.005000000000000002,16.06419055308849,cold,permuted
2,1166.5,0.8103067618827862,-1.0471963586771903e-15,0,true,exact,0.013759136199951172,w1a,true,1.0,16.06419055308849,warm,permuted
8,2.842170943040401e-14,0.09156777853976172,1.2177938170793645e-9,4,true,exact,0.23305702209472656,w1a,true,0.756646727558943,16.06419055308849,warm,permuted
40,1.5631940186722204e-13,0.07638264323794716,9.496228951712734e-9,16,true,exact,0.6562321186065674,w1a,true,0.5725142703256574,16.06419055308849,warm,permuted
62,3.197442310920451e-14,0.06934509062520448,7.157340510877864e-9,17,true,exact,1.0455138683319092,w1a,true,0.43319104912270473,16.06419055308849,warm,permuted
82,1.1368683772161603e-13,0.06430110342800334,8.64645893451767e-9,25,true,exact,1.2705719470977783,w1a,true,0.32777258972651985,16.06419055308849,warm,permuted
96,1.1723955140041653e-13,0.06101502605019686,8.86590003754206e-9,46,true,exact,1.7128479480743408,w1a,true,0.2480080574000913,16.06419055308849,warm,permuted
95,1.5276668818842154e-13,0.06323958080955297,7.1698575695740926e-9,46,true,exact,1.6912298202514648,w1a,true,0.18765448504002957,16.06419055308849,warm,permuted
68,1.1191048088221578e-12,0.06691330398197964,8.101159561489786e-9,76,true,exact,1.202131986618042,w1a,true,0.14198815201729703,16.06419055308849,warm,permuted
85,9.237055564881302e-14,0.06790126443983373,9.617840279831362e-9,82,true,exact,1.44327712059021,w1a,true,0.10743487057602952,16.06419055308849,warm,permuted
107,9.414691248821327e-13,0.06585614408589685,6.375267611206969e-9,94,true,exact,2.099726915359497,w1a,true,0.08129024324707132,16.06419055308849,warm,permuted
119,6.696865284538944e-13,0.06370376935308443,7.517749885511557e-9,107,true,exact,2.205284833908081,w1a,true,0.06150799653536698,16.06419055308849,warm,permuted
145,2.327027459614328e-13,0.06123402037311117,2.193870758339351e-9,122,true,exact,2.967339038848877,w1a,true,0.04653982429719224,16.06419055308849,warm,permuted
140,1.1368683772161603e-13,0.06056567773713594,9.454746796666394e-9,128,true,exact,2.755025863647461,w1a,true,0.03521420575563868,16.06419055308849,warm,permuted
132,2.007283228522283e-13,0.06095080069939964,6.95300824747477e-9,131,true,exact,2.6723411083221436,w1a,true,0.026644713548591308,16.06419055308849,warm,permuted
131,2.6645352591003757e-13,0.06219824581982486,9.243560204419473e-9,138,true,exact,2.674304962158203,w1a,true,0.02016063531328705,16.06419055308849,warm,permuted
155,2.2382096176443156e-13,0.06317305717510688,9.98586538635501e-9,150,true,exact,3.2313520908355713,w1a,true,0.015254478735307905,16.06419055308849,warm,permuted
191,2.602362769721367e-13,0.06340938858172541,5.217381161615297e-9,161,true,exact,4.037189960479736,w1a,true,0.011542251415688211,16.06419055308849,warm,permuted
254,3.019806626980426e-13,0.06406128704814928,9.02269148033205e-9,166,true,exact,5.4841389656066895,w1a,true,0.008733406762343065,16.06419055308849,warm,permuted
300,2.2470914018413168e-13,0.06478769011643408,3.734163386260065e-8,171,true,exact,6.35276985168457,w1a,true,0.006608103647168024,16.06419055308849,warm,permuted
300,3.9523939676655573e-13,0.06570445579389925,2.599618093329745e-6,167,true,exact,6.445757150650024,w1a,true,0.005000000000000002,16.06419055308849,warm,permuted
