p_K,amplitude,strategy,pass,relgaps,p_K_str,amp_str
0.05,0.5,gradient,1,2.25082732688127,$\bar{p}_K = 0.05$,amp = 0.5
0.05,0.5,gradient,2,0.9056169324590498,$\bar{p}_K = 0.05$,amp = 0.5
0.05,0.5,gradient,3,0.42203457541574324,$\bar{p}_K = 0.05$,amp = 0.5
0.05,0.5,gradient,4,0.2305558589815799,$\bar{p}_K = 0.05$,amp = 0.5
0.05,0.5,gradient,5,0.14587432106076467,$\bar{p}_K = 0.05$,amp = 0.5
0.05,0.5,gradient,6,0.10106257385389504,$\bar{p}_K = 0.05$,amp = 0.5
0.05,0.5,gradient,7,0.07483648909104021,$\bar{p}_K = 0.05$,amp = 0.5
0.05,0.5,gradient,8,0.058031488090178114,$\bar{p}_K = 0.05$,amp = 0.5
0.05,0.5,gradient,9,0.04660196748541075,$\bar{p}_K = 0.05$,amp = 0.5
0.05,0.5,gradient,10,0.03852099246247632,$\bar{p}_K = 0.05$,amp = 0.5
0.05,0.5,gradient,11,0.032589144896731606,$\bar{p}_K = 0.05$,amp = 0.5
0.05,0.5,gradient,12,0.028109986953053775,$\bar{p}_K = 0.05$,amp = 0.5
0.05,0.5,gradient,13,0.024643008250541686,$\bar{p}_K = 0.05$,amp = 0.5
0.05,0.5,gradient,14,0.021894997261474453,$\bar{p}_K = 0.05$,amp = 0.5
0.05,0.5,gradient,15,0.01968706380152077,$\bar{p}_K = 0.05$,amp = 0.5
0.05,0.5,gradient,16,0.017883684879496573,$\bar{p}_K = 0.05$,amp = 0.5
0.05,0.5,gradient,17,0.016382038492941894,$\bar{p}_K = 0.05$,amp = 0.5
0.05,0.5,gradient,18,0.015114910123772658,$\bar{p}_K = 0.05$,amp = 0.5
0.05,0.5,gradient,19,0.014035787059616053,$\bar{p}_K = 0.05$,amp = 0.5
0.05,0.5,gradient,20,0.013104154997531512,$\bar{p}_K = 0.05$,amp = 0.5
0.05,0.5,gradient,21,0.01229372890204166,$\bar{p}_K = 0.05$,amp = 0.5
0.05,0.5,gradient,22,0.011581031236922385,$\bar{p}_K = 0.05$,amp = 0.5
0.05,0.5,gradient,23,0.010949910935761037,$\bar{p}_K = 0.05$,amp = 0.5
0.05,0.5,gradient,24,0.010385449650752783,$\bar{p}_K = 0.05$,amp = 0.5
0.05,0.5,gradient,25,0.009875391916112973,$\bar{p}_K = 0.05$,amp = 0.5
0.05,0.5,gradient,26,0.009412132273158002,$\bar{p}_K = 0.05$,amp = 0.5
0.05,0.5,gradient,27,0.008987893884481698,$\bar{p}_K = 0.05$,amp = 0.5
0.05,0.5,gradient,28,0.008597543478382942,$\bar{p}_K = 0.05$,amp = 0.5
0.05,0.5,gradient,29,0.008236393682655576,$\bar{p}_K = 0.05$,amp = 0.5
0.05,0.5,gradient,30,0.007900787218078523,$\bar{p}_K = 0.05$,amp = 0.5
0.05,0.5,gradient,31,0.0075879108692262194,$\bar{p}_K = 0.05$,amp = 0.5
0.05,0.5,gradient,32,0.007295015801862091,$\bar{p}_K = 0.05$,amp = 0.5
0.05,0.5,gradient,33,0.007020395702515625,$\bar{p}_K = 0.05$,amp = 0.5
0.05,0.5,gradient,34,0.0067628940772245,$\bar{p}_K = 0.05$,amp = 0.5
0.05,0.5,gradient,35,0.006520218672551257,$\bar{p}_K = 0.05$,amp = 0.5
0.05,0.5,gradient,36,0.006290913555512225,$\bar{p}_K = 0.05$,amp = 0.5
0.05,0.5,gradient,37,0.0060738278214666624,$\bar{p}_K = 0.05$,amp = 0.5
0.05,0.5,gradient,38,0.005867864562817834,$\bar{p}_K = 0.05$,amp = 0.5
0.05,0.5,gradient,39,0.005672178338657518,$\bar{p}_K = 0.05$,amp = 0.5
0.05,0.5,gradient,40,0.005485913347260688,$\bar{p}_K = 0.05$,amp = 0.5
0.05,0.5,gradient,41,0.005308400197900726,$\bar{p}_K = 0.05$,amp = 0.5
0.05,0.5,gradient,42,0.005139052749729328,$\bar{p}_K = 0.05$,amp = 0.5
0.05,0.5,gradient,43,0.004977441254962917,$\bar{p}_K = 0.05$,amp = 0.5
0.05,0.5,gradient,44,0.004822976074152115,$\bar{p}_K = 0.05$,amp = 0.5
0.05,0.5,gradient,45,0.004675235539967676,$\bar{p}_K = 0.05$,amp = 0.5
0.05,0.5,gradient,46,0.00453377466009878,$\bar{p}_K = 0.05$,amp = 0.5
0.05,0.5,gradient,47,0.004398242983040417,$\bar{p}_K = 0.05$,amp = 0.5
0.05,0.5,gradient,48,0.004268303333183199,$\bar{p}_K = 0.05$,amp = 0.5
0.05,0.5,gradient,49,0.004143643066900945,$\bar{p}_K = 0.05$,amp = 0.5
0.05,0.5,gradient,50,0.00402393733089784,$\bar{p}_K = 0.05$,amp = 0.5
0.05,0.5,gradient,51,0.003908961722009211,$\bar{p}_K = 0.05$,amp = 0.5
0.05,0.5,gradient,52,0.003798441339137003,$\bar{p}_K = 0.05$,amp = 0.5
0.05,0.5,gradient,53,0.0036921791095109262,$\bar{p}_K = 0.05$,amp = 0.5
0.05,0.5,gradient,54,0.003589932862822223,$\bar{p}_K = 0.05$,amp = 0.5
0.05,0.5,gradient,55,0.0034915185774580804,$\bar{p}_K = 0.05$,amp = 0.5
0.05,0.5,gradient,56,0.003396732900529883,$\bar{p}_K = 0.05$,amp = 0.5
0.05,0.5,gradient,57,0.00330542462858054,$\bar{p}_K = 0.05$,amp = 0.5
0.05,0.5,gradient,58,0.0032174249295982096,$\bar{p}_K = 0.05$,amp = 0.5
0.05,0.5,gradient,59,0.00313256859133077,$\bar{p}_K = 0.05$,amp = 0.5
0.05,0.5,gradient,60,0.003050708083072372,$\bar{p}_K = 0.05$,amp = 0.5
0.05,0.5,gradient,61,0.002971722020244732,$\bar{p}_K = 0.05$,amp = 0.5
0.05,0.5,gradient,62,0.0028954725555667476,$\bar{p}_K = 0.05$,amp = 0.5
0.05,0.5,gradient,63,0.00282182951937071,$\bar{p}_K = 0.05$,amp = 0.5
0.05,0.5,gradient,64,0.0027507206628982523,$\bar{p}_K = 0.05$,amp = 0.5
0.05,0.5,gradient,65,0.002681987710923774,$\bar{p}_K = 0.05$,amp = 0.5
0.05,0.5,gradient,66,0.0026155417442005457,$\bar{p}_K = 0.05$,amp = 0.5
0.05,0.5,gradient,67,0.002551288514452917,$\bar{p}_K = 0.05$,amp = 0.5
0.05,0.5,gradient,68,0.002489125617084611,$\bar{p}_K = 0.05$,amp = 0.5
0.05,0.5,gradient,69,0.002428967135657531,$\bar{p}_K = 0.05$,amp = 0.5
0.05,0.5,gradient,70,0.0023707354727878255,$\bar{p}_K = 0.05$,amp = 0.5
0.05,0.5,gradient,71,0.002314336242409856,$\bar{p}_K = 0.05$,amp = 0.5
0.05,0.5,gradient,72,0.002259706412524829,$\bar{p}_K = 0.05$,amp = 0.5
0.05,0.5,gradient,73,0.0022067668916748466,$\bar{p}_K = 0.05$,amp = 0.5
0.05,0.5,gradient,74,0.0021554544869447937,$\bar{p}_K = 0.05$,amp = 0.5
0.05,0.5,gradient,75,0.0021056984943943614,$\bar{p}_K = 0.05$,amp = 0.5
0.05,0.5,gradient,76,0.002057440144998881,$\bar{p}_K = 0.05$,amp = 0.5
0.05,0.5,gradient,77,0.002010616356304424,$\bar{p}_K = 0.05$,amp = 0.5
0.05,0.5,gradient,78,0.001965172152463455,$\bar{p}_K = 0.05$,amp = 0.5
0.05,0.5,gradient,79,0.0019210532915320247,$\bar{p}_K = 0.05$,amp = 0.5
0.05,0.5,gradient,80,0.0018782066830214225,$\bar{p}_K = 0.05$,amp = 0.5
0.05,0.5,gradient,81,0.001836583544246247,$\bar{p}_K = 0.05$,amp = 0.5
0.05,0.5,gradient,82,0.0017961391366376899,$\bar{p}_K = 0.05$,amp = 0.5
0.05,0.5,gradient,83,0.0017568255789226072,$\bar{p}_K = 0.05$,amp = 0.5
0.05,0.5,gradient,84,0.001718605545640809,$\bar{p}_K = 0.05$,amp = 0.5
0.05,0.5,gradient,85,0.0016814318001560022,$\bar{p}_K = 0.05$,amp = 0.5
0.05,0.5,gradient,86,0.0016452588453873093,$\bar{p}_K = 0.05$,amp = 0.5
0.05,0.5,gradient,87,0.0016100596648562413,$\bar{p}_K = 0.05$,amp = 0.5
0.05,0.5,gradient,88,0.001575793584316129,$\bar{p}_K = 0.05$,amp = 0.5
0.05,0.5,gradient,89,0.001542433692203169,$\bar{p}_K = 0.05$,amp = 0.5
0.05,0.5,gradient,90,0.0015099451844301011,$\bar{p}_K = 0.05$,amp = 0.5
0.05,0.5,gradient,91,0.0014782986496001227,$\bar{p}_K = 0.05$,amp = 0.5
0.05,0.5,gradient,92,0.001447462435192673,$\bar{p}_K = 0.05$,amp = 0.5
0.05,0.5,gradient,93,0.0014174123459261142,$\bar{p}_K = 0.05$,amp = 0.5
0.05,0.5,gradient,94,0.0013881569282683743,$\bar{p}_K = 0.05$,amp = 0.5
0.05,0.5,gradient,95,0.001359652705393698,$\bar{p}_K = 0.05$,amp = 0.5
0.05,0.5,gradient,96,0.0013318720649248183,$\bar{p}_K = 0.05$,amp = 0.5
0.05,0.5,gradient,97,0.0013047865829720377,$\bar{p}_K = 0.05$,amp = 0.5
0.05,0.5,gradient,98,0.0012783769815647504,$\bar{p}_K = 0.05$,amp = 0.5
0.05,0.5,gradient,99,0.0012526192317023855,$\bar{p}_K = 0.05$,amp = 0.5
0.05,0.5,gradient,100,0.0012274929802006088,$\bar{p}_K = 0.05$,amp = 0.5
0.01,2.0,exact,34,5.600255369500034e-8,$\bar{p}_K = 0.01$,amp = 2.0
0.01,2.0,exact,35,7.802091642025212e-7,$\bar{p}_K = 0.01$,amp = 2.0
0.01,2.0,exact,36,6.567526017469478e-7,$\bar{p}_K = 0.01$,amp = 2.0
0.01,2.0,exact,37,5.533364419335913e-7,$\bar{p}_K = 0.01$,amp = 2.0
0.01,2.0,exact,38,4.6653262895292036e-7,$\bar{p}_K = 0.01$,amp = 2.0
0.01,2.0,exact,39,3.9356360508476374e-7,$\bar{p}_K = 0.01$,amp = 2.0
0.01,2.0,exact,40,3.32157086013975e-7,$\bar{p}_K = 0.01$,amp = 2.0
0.01,2.0,exact,41,2.804242777037779e-7,$\bar{p}_K = 0.01$,amp = 2.0
0.01,2.0,exact,42,2.3681112874942638e-7,$\bar{p}_K = 0.01$,amp = 2.0
0.01,2.0,exact,43,2.000200439583205e-7,$\bar{p}_K = 0.01$,amp = 2.0
0.01,2.0,exact,44,1.689710839519099e-7,$\bar{p}_K = 0.01$,amp = 2.0
0.01,2.0,exact,45,1.4275579992497046e-7,$\bar{p}_K = 0.01$,amp = 2.0
0.01,2.0,exact,46,1.206150608241753e-7,$\bar{p}_K = 0.01$,amp = 2.0
0.01,2.0,exact,47,1.0191030529004839e-7,$\bar{p}_K = 0.01$,amp = 2.0
0.01,2.0,exact,48,8.610601313008871e-8,$\bar{p}_K = 0.01$,amp = 2.0
0.01,2.0,exact,49,7.275058711332967e-8,$\bar{p}_K = 0.01$,amp = 2.0
0.01,2.0,exact,50,6.147696698229049e-8,$\bar{p}_K = 0.01$,amp = 2.0
0.005,2.0,exact,1,3.241393157315992,$\bar{p}_K = 0.005$,amp = 2.0
0.005,2.0,exact,2,0.5608587909826466,$\bar{p}_K = 0.005$,amp = 2.0
0.005,2.0,exact,3,0.1515640487010908,$\bar{p}_K = 0.005$,amp = 2.0
0.005,2.0,exact,4,0.04977410519690213,$\bar{p}_K = 0.005$,amp = 2.0
0.005,2.0,exact,5,0.019518919608471966,$\bar{p}_K = 0.005$,amp = 2.0
0.005,2.0,exact,6,0.009751962119113767,$\bar{p}_K = 0.005$,amp = 2.0
0.005,2.0,exact,7,0.005290673395891916,$\bar{p}_K = 0.005$,amp = 2.0
0.005,2.0,exact,8,0.002742817199437569,$\bar{p}_K = 0.005$,amp = 2.0
0.005,2.0,exact,9,0.00148822017987649,$\bar{p}_K = 0.005$,amp = 2.0
0.005,2.0,exact,10,0.0008352144380949472,$\bar{p}_K = 0.005$,amp = 2.0
0.005,2.0,exact,11,0.0004765161770792218,$\bar{p}_K = 0.005$,amp = 2.0
0.005,2.0,exact,12,0.00027444579818685483,$\bar{p}_K = 0.005$,amp = 2.0
0.005,2.0,exact,13,0.00016115070072187973,$\bar{p}_K = 0.005$,amp = 2.0
0.005,2.0,exact,14,9.557342045750996e-5,$\bar{p}_K = 0.005$,amp = 2.0
0.005,2.0,exact,15,5.743406366201717e-5,$\bar{p}_K = 0.005$,amp = 2.0
0.005,2.0,exact,16,3.48334487366351e-5,$\bar{p}_K = 0.005$,amp = 2.0
0.005,2.0,exact,17,2.1316713948855673e-5,$\bar{p}_K = 0.005$,amp = 2.0
0.005,2.0,exact,18,1.3155766087378032e-5,$\bar{p}_K = 0.005$,amp = 2.0
0.005,2.0,exact,19,8.169562728860865e-6,$\bar{p}_K = 0.005$,amp = 2.0
0.005,2.0,exact,20,5.101988283158565e-6,$\bar{p}_K = 0.005$,amp = 2.0
0.005,2.0,exact,21,3.204531460690482e-6,$\bar{p}_K = 0.005$,amp = 2.0
0.005,2.0,exact,22,2.023452847908183e-6,$\bar{p}_K = 0.005$,amp = 2.0
0.005,2.0,exact,23,1.2780064167912368e-6,$\bar{p}_K = 0.005$,amp = 2.0
0.005,2.0,exact,24,8.154075783596924e-7,$\bar{p}_K = 0.005$,amp = 2.0
0.005,2.0,exact,25,5.246677606490291e-7,$\bar{p}_K = 0.005$,amp = 2.0
0.005,2.0,exact,26,3.3954198653177696e-7,$\bar{p}_K = 0.005$,amp = 2.0
0.005,2.0,exact,27,2.2058088096657314e-7,$\bar{p}_K = 0.005$,amp = 2.0
0.005,2.0,exact,28,1.4376174402089039e-7,$\bar{p}_K = 0.005$,amp = 2.0
0.005,2.0,exact,29,9.387683673479545e-8,$\bar{p}_K = 0.005$,amp = 2.0
0.005,2.0,exact,30,6.14079834596769e-8,$\bar{p}_K = 0.005$,amp = 2.0
0.005,2.0,exact,31,4.024592183540891e-8,$\bar{p}_K = 0.005$,amp = 2.0
0.005,2.0,exact,32,2.643686931730625e-8,$\bar{p}_K = 0.005$,amp = 2.0
0.005,2.0,exact,33,1.738737806933235e-8,$\bar{p}_K = 0.005$,amp = 2.0
0.005,2.0,exact,34,1.1450929801153343e-8,$\bar{p}_K = 0.005$,amp = 2.0
0.005,2.0,exact,35,7.536108379812467e-9,$\bar{p}_K = 0.005$,amp = 2.0
0.005,2.0,exact,36,4.9474400920846095e-9,$\bar{p}_K = 0.005$,amp = 2.0
0.005,2.0,exact,37,1.088198476535752e-8,$\bar{p}_K = 0.005$,amp = 2.0
0.005,2.0,exact,38,7.50130899209296e-9,$\bar{p}_K = 0.005$,amp = 2.0
0.005,2.0,exact,39,5.17637154559689e-9,$\bar{p}_K = 0.005$,amp = 2.0
0.005,2.0,exact,40,3.5758296641730966e-9,$\bar{p}_K = 0.005$,amp = 2.0
0.005,2.0,exact,41,2.4615777966940703e-9,$\bar{p}_K = 0.005$,amp = 2.0
0.005,2.0,exact,42,1.6865680456223223e-9,$\bar{p}_K = 0.005$,amp = 2.0
0.005,2.0,exact,43,1.1443035678758865e-9,$\bar{p}_K = 0.005$,amp = 2.0
0.005,2.0,exact,44,8.019203865710236e-10,$\bar{p}_K = 0.005$,amp = 2.0
0.005,2.0,exact,45,1.033573021626824e-9,$\bar{p}_K = 0.005$,amp = 2.0
0.005,2.0,exact,46,6.981279510169798e-10,$\bar{p}_K = 0.005$,amp = 2.0
0.005,2.0,exact,47,4.578218550412151e-10,$\bar{p}_K = 0.005$,amp = 2.0
0.005,2.0,exact,48,2.851998711622465e-10,$\bar{p}_K = 0.005$,amp = 2.0
0.005,2.0,exact,49,1.607714263264e-10,$\bar{p}_K = 0.005$,amp = 2.0
0.005,2.0,exact,50,1.0e-10,$\bar{p}_K = 0.005$,amp = 2.0
0.01,2.0,exact,51,1.0383506403680801e-7,$\bar{p}_K = 0.01$,amp = 2.0
0.01,2.0,exact,52,8.774912962031001e-8,$\bar{p}_K = 0.01$,amp = 2.0
0.01,2.0,exact,53,7.414372185645842e-8,$\bar{p}_K = 0.01$,amp = 2.0
0.01,2.0,exact,54,6.263626801758152e-8,$\bar{p}_K = 0.01$,amp = 2.0
0.01,2.0,exact,55,5.290322563728515e-8,$\bar{p}_K = 0.01$,amp = 2.0
0.01,2.0,exact,56,4.467095206598655e-8,$\bar{p}_K = 0.01$,amp = 2.0
0.01,2.0,exact,57,3.7708010656105844e-8,$\bar{p}_K = 0.01$,amp = 2.0
0.01,2.0,exact,58,3.1818662322461486e-8,$\bar{p}_K = 0.01$,amp = 2.0
0.01,2.0,exact,59,2.6837354852790264e-8,$\bar{p}_K = 0.01$,amp = 2.0
0.01,2.0,exact,60,2.262405986832867e-8,$\bar{p}_K = 0.01$,amp = 2.0
0.01,2.0,exact,61,1.9060388317232703e-8,$\bar{p}_K = 0.01$,amp = 2.0
0.01,2.0,exact,62,1.6046132685272666e-8,$\bar{p}_K = 0.01$,amp = 2.0
0.01,2.0,exact,63,1.3496602274748021e-8,$\bar{p}_K = 0.01$,amp = 2.0
0.01,2.0,exact,64,1.134013379790314e-8,$\bar{p}_K = 0.01$,amp = 2.0
0.01,2.0,exact,65,9.516133253373596e-9,$\bar{p}_K = 0.01$,amp = 2.0
0.01,2.0,exact,66,7.97332990054805e-9,$\bar{p}_K = 0.01$,amp = 2.0
0.01,2.0,exact,67,6.668378341488157e-9,$\bar{p}_K = 0.01$,amp = 2.0
0.01,2.0,exact,68,5.5646050667433966e-9,$\bar{p}_K = 0.01$,amp = 2.0
0.01,2.0,exact,69,4.63099364840104e-9,$\bar{p}_K = 0.01$,amp = 2.0
0.01,2.0,exact,70,3.841311727267096e-9,$\bar{p}_K = 0.01$,amp = 2.0
0.01,2.0,exact,71,3.173368076880815e-9,$\bar{p}_K = 0.01$,amp = 2.0
0.01,2.0,exact,72,2.6083973712392215e-9,$\bar{p}_K = 0.01$,amp = 2.0
0.01,2.0,exact,73,2.1305027974077108e-9,$\bar{p}_K = 0.01$,amp = 2.0
0.01,2.0,exact,74,1.7262954890635272e-9,$\bar{p}_K = 0.01$,amp = 2.0
0.01,2.0,exact,75,1.38441218913804e-9,$\bar{p}_K = 0.01$,amp = 2.0
0.01,2.0,exact,76,1.0952281018694648e-9,$\bar{p}_K = 0.01$,amp = 2.0
0.01,2.0,exact,77,8.506179489273128e-10,$\bar{p}_K = 0.01$,amp = 2.0
0.01,2.0,exact,78,6.437225133850063e-10,$\bar{p}_K = 0.01$,amp = 2.0
0.01,2.0,exact,79,4.687162219340389e-10,$\bar{p}_K = 0.01$,amp = 2.0
0.01,2.0,exact,80,3.206871538254273e-10,$\bar{p}_K = 0.01$,amp = 2.0
0.01,2.0,exact,81,1.9548219455929912e-10,$\bar{p}_K = 0.01$,amp = 2.0
0.01,2.0,exact,82,1.0e-10,$\bar{p}_K = 0.01$,amp = 2.0
0.01,2.0,exact,83,1.0e-10,$\bar{p}_K = 0.01$,amp = 2.0
