commit,cell_id,cell_name,mu0,reg,seed,n,p,lambda_,n_iter,stop_crit,primal,runtime,converged,intercept,strategy
b03644fe,1,cell_001,0.5,0.5,1,500,1000,0.07917128683754507,143,9.888339401631364e-9,0.662365906180674,4.852816171999621,true,-0.0093499103273612,gradient
b03644fe,2,cell_002,0.5,0.2,1,500,1000,0.03166851473501803,211,9.807934189254297e-9,0.5320171780440339,0.9601149620002616,true,-0.017678780091707542,gradient
b03644fe,3,cell_003,0.5,0.1,1,500,1000,0.015834257367509014,307,9.700861822059536e-9,0.4131833334997512,1.9602869780001129,true,-0.012647670010765588,gradient
b03644fe,4,cell_004,0.5,0.05,1,500,1000,0.007917128683754507,373,9.945016295087594e-9,0.29015597185823544,2.820539856000323,true,-0.006179890826734256,gradient
b03644fe,5,cell_005,0.5,0.02,1,500,1000,0.003166851473501803,1684,9.96849285722634e-9,0.1613378859233491,13.450324634000026,true,-0.01552392530156991,gradient
b03644fe,6,cell_006,0.5,0.01,1,500,1000,0.0015834257367509015,15,4.4676240239845816e-9,0.09766442243543864,1.2370102300001236,true,-0.01940675917471868,gradient
b03644fe,7,cell_007,0.7,0.5,1,500,1000,0.06860904574424775,167,9.890395715472789e-9,0.6388472796990623,0.5830127980007092,true,0.32324488758082714,gradient
b03644fe,8,cell_008,0.7,0.2,1,500,1000,0.027443618297699104,341,9.81251014364748e-9,0.5014150715477765,1.178062874000716,true,0.42102167221699444,gradient
b03644fe,9,cell_009,0.7,0.1,1,500,1000,0.013721809148849552,528,9.768059253345562e-9,0.3792678872234727,3.3905200230001356,true,0.5586347176399953,gradient
b03644fe,10,cell_010,0.7,0.05,1,500,1000,0.006860904574424776,1076,9.986805444173186e-9,0.25866010669991135,7.5958509869997215,true,0.7374392182782517,gradient
b03644fe,11,cell_011,0.7,0.02,1,500,1000,0.00274436182976991,3086,9.988849032110947e-9,0.14031850863686932,23.106470781000098,true,0.9959882605374478,gradient
b03644fe,12,cell_012,0.7,0.01,1,500,1000,0.001372180914884955,5000,4.5210854364906986e-7,0.08405972880033899,39.991705456999625,false,1.1838351914682574,gradient
b03644fe,13,cell_013,0.9,0.5,1,500,1000,0.06306968535257798,321,9.874179502877833e-9,0.5712091408342859,1.4309295460006979,true,0.9524316465753929,gradient
b03644fe,14,cell_014,0.9,0.2,1,500,1000,0.025227874141031194,514,9.751131618579434e-9,0.4438472637125911,2.649358495999877,true,1.2703079059544653,gradient
b03644fe,15,cell_015,0.9,0.1,1,500,1000,0.012613937070515597,891,9.974036949300657e-9,0.33125964661648233,5.344321143999878,true,1.668224416023378,gradient
b03644fe,16,cell_016,0.9,0.05,1,500,1000,0.006306968535257799,1985,9.942959556613618e-9,0.22476839487665595,13.814564625999992,true,2.1900828249509527,gradient
b03644fe,17,cell_017,0.9,0.02,1,500,1000,0.0025227874141031193,5000,1.0481625251199459e-7,0.1214152480359991,37.943469528000605,false,2.958359080904683,gradient
b03644fe,18,cell_018,0.9,0.01,1,500,1000,0.0012613937070515596,5000,1.459371078713635e-5,0.07256773698630022,39.70446416699997,false,3.519429165689519,gradient
b03644fe,19,cell_019,0.95,0.5,1,500,1000,0.05722651426800462,261,9.940241802147698e-9,0.5007139617009333,1.1890195609994407,true,1.347798427801735,gradient
b03644fe,20,cell_020,0.95,0.2,1,500,1000,0.022890605707201847,703,9.94641819859754e-9,0.39000748845349176,3.6691087110002627,true,1.7766650587151005,gradient
b03644fe,21,cell_021,0.95,0.1,1,500,1000,0.011445302853600924,1374,9.996105262782828e-9,0.28948441392166024,8.943556843999431,true,2.263218784532946,gradient
b03644fe,22,cell_022,0.95,0.05,1,500,1000,0.005722651426800462,3029,9.988633451696317e-9,0.19434768526366208,21.665355166000154,true,2.8744442425080834,gradient
b03644fe,23,cell_023,0.95,0.02,1,500,1000,0.002289060570720185,1355,9.99991142093537e-9,0.10358717772410884,11.31476392500008,true,3.758246824869841,gradient
b03644fe,24,cell_024,0.95,0.01,1,500,1000,0.0011445302853600925,2984,9.996246521717933e-9,0.061475504363275424,34.827031554000314,true,4.452075412267626,gradient
b03644fe,25,cell_025,0.99,0.5,1,500,1000,0.03890253233698592,785,9.854185516536273e-9,0.32443653759001073,3.398597690000315,true,2.2707629035006405,gradient
b03644fe,26,cell_026,0.99,0.2,1,500,1000,0.01556101293479437,1734,9.940749438608343e-9,0.24129586692935925,8.70228145299916,true,2.9938996587344624,gradient
b03644fe,27,cell_027,0.99,0.1,1,500,1000,0.007780506467397185,3793,9.983542824068547e-9,0.1687959780954943,15.008463510000183,true,3.836348042917054,gradient
b03644fe,28,cell_028,0.99,0.05,1,500,1000,0.0038902532336985924,5000,2.170612506338536e-6,0.10820259140242738,21.303452971999832,false,4.771189947114368,gradient
b03644fe,29,cell_029,0.99,0.02,1,500,1000,0.001556101293479437,5000,6.500349598578795e-5,0.05566319305838589,43.1398239909995,false,5.8880358467888785,gradient
b03644fe,30,cell_030,0.99,0.01,1,500,1000,0.0007780506467397185,5000,3.996308861791038e-8,0.032475559946536,53.387339094999334,false,7.021265741560637,gradient
b03644fe,31,cell_031,0.5,0.5,2,500,1000,0.07663724828540176,200,9.525968935442109e-9,0.660935285481832,0.968346023999402,true,-0.1122731449019218,gradient
b03644fe,32,cell_032,0.5,0.2,2,500,1000,0.030654899314160707,244,9.765928521698886e-9,0.5342035121858242,1.1851010050004334,true,-0.1476395456470493,gradient
b03644fe,33,cell_033,0.5,0.1,2,500,1000,0.015327449657080354,375,9.9012399370213e-9,0.41217658213901,2.618752654000673,true,-0.19307033503840848,gradient
b03644fe,34,cell_034,0.5,0.05,2,500,1000,0.007663724828540177,704,9.879957019426344e-9,0.2868670102058248,5.760491998999896,true,-0.25385318700463144,gradient
b03644fe,35,cell_035,0.5,0.02,2,500,1000,0.0030654899314160704,1633,9.951566398561096e-9,0.15781798748759496,14.499354511999627,true,-0.32996552098398063,gradient
b03644fe,36,cell_036,0.5,0.01,2,500,1000,0.0015327449657080352,2431,9.991978222437942e-9,0.09512564638712723,23.503195121999852,true,-0.387950725429151,gradient
b03644fe,37,cell_037,0.7,0.5,2,500,1000,0.07280085925900914,209,9.729841571048947e-9,0.6417494283009302,1.0424308460005705,true,0.2966014586799506,gradient
b03644fe,38,cell_038,0.7,0.2,2,500,1000,0.029120343703603658,307,9.933650789606396e-9,0.5096964677654594,1.672246377999727,true,0.391395341122223,gradient
b03644fe,39,cell_039,0.7,0.1,2,500,1000,0.014560171851801829,475,9.779516686014844e-9,0.3923875082897641,3.3039619479995963,true,0.48027002584623085,gradient
b03644fe,40,cell_040,0.7,0.05,2,500,1000,0.0072800859259009145,946,9.976788129473224e-9,0.2713914433123598,7.621490327999709,true,0.6199143485893681,gradient
b03644fe,41,cell_041,0.7,0.02,2,500,1000,0.0029120343703603656,2959,9.974416292739263e-9,0.14852625022633867,26.752461226000378,true,0.8380129548612913,gradient
b03644fe,42,cell_042,0.7,0.01,2,500,1000,0.0014560171851801828,5000,1.6668425252849493e-7,0.08924783075766617,44.87925737399928,false,1.0020915022582482,gradient
b03644fe,43,cell_043,0.9,0.5,2,500,1000,0.06475712425759585,269,9.586109452966452e-9,0.5715109399710785,1.363883746999818,true,0.9654412145097387,gradient
b03644fe,44,cell_044,0.9,0.2,2,500,1000,0.02590284970303834,478,9.989016999237266e-9,0.4570865560895937,2.6925699570001598,true,1.258627725262273,gradient
b03644fe,45,cell_045,0.9,0.1,2,500,1000,0.01295142485151917,809,9.997054665138171e-9,0.3493185730456879,5.879652974000237,true,1.610664604800917,gradient
b03644fe,46,cell_046,0.9,0.05,2,500,1000,0.006475712425759585,1868,9.971044234686338e-9,0.24053366154288436,15.127930945999651,true,2.060415384749531,gradient
b03644fe,47,cell_047,0.9,0.02,2,500,1000,0.002590284970303834,5000,2.4371159467814415e-8,0.13080775950682716,43.45497802099999,false,2.724443063142351,gradient
b03644fe,48,cell_048,0.9,0.01,2,500,1000,0.001295142485151917,5000,6.721678378551664e-6,0.0783221705954156,44.43207272299969,false,3.223515529006818,gradient
b03644fe,49,cell_049,0.95,0.5,2,500,1000,0.057877326106195295,255,9.665031492855913e-9,0.4967304566251292,1.2187694449994524,true,1.3773671517101052,gradient
b03644fe,50,cell_050,0.95,0.2,2,500,1000,0.02315093044247812,732,9.826392824284492e-9,0.3853939656454441,4.124850244000299,true,1.8349125373470954,gradient
b03644fe,51,cell_051,0.95,0.1,2,500,1000,0.01157546522123906,1449,9.990428170875142e-9,0.28157546111922205,9.649942632999227,true,2.3886228022032614,gradient
b03644fe,52,cell_052,0.95,0.05,2,500,1000,0.00578773261061953,3216,9.9670838681256e-9,0.18670452783285701,22.852459877,true,3.076668103567418,gradient
b03644fe,53,cell_053,0.95,0.02,2,500,1000,0.002315093044247812,5000,2.0586257544849625e-6,0.09879927102895332,39.49589654400006,false,4.0447728330869674,gradient
b03644fe,54,cell_054,0.95,0.01,2,500,1000,0.001157546522123906,5000,4.4792452294605876e-5,0.058464550700793934,41.6179620949988,false,4.707820875464353,gradient
b03644fe,55,cell_055,0.99,0.5,2,500,1000,0.031177537474844554,800,9.886437948646714e-9,0.3213204541207958,3.964940360001492,true,2.289109175165302,gradient
b03644fe,56,cell_056,0.99,0.2,2,500,1000,0.012471014989937822,1911,9.977477207587237e-9,0.2290950017614724,11.857353219000288,true,3.0548383981106655,gradient
b03644fe,57,cell_057,0.99,0.1,2,500,1000,0.006235507494968911,4059,9.978359051997232e-9,0.15341868128472644,23.713439663000827,true,3.8794378080134173,gradient
b03644fe,58,cell_058,0.99,0.05,2,500,1000,0.0031177537474844554,818,9.994435231495957e-9,0.09601041885886961,8.807024534999073,true,4.777280402490595,gradient
b03644fe,59,cell_059,0.99,0.02,2,500,1000,0.0012471014989937823,5000,1.3141876749580422e-8,0.04854700640564375,38.93073774500044,false,5.972353904912952,gradient
b03644fe,60,cell_060,0.99,0.01,2,500,1000,0.0006235507494968912,5000,4.2895898224126847e-8,0.028096801155868205,45.776521428000706,false,6.866634961320304,gradient
b03644fe,61,cell_061,0.5,0.5,3,500,1000,0.07933977874552962,162,9.718738367581192e-9,0.6616704410372799,0.7692067179996229,true,0.008362662750771886,gradient
b03644fe,62,cell_062,0.5,0.2,3,500,1000,0.03173591149821185,214,9.733957477608968e-9,0.5298406427409406,1.1195095799994306,true,0.009817735504722879,gradient
b03644fe,63,cell_063,0.5,0.1,3,500,1000,0.015867955749105926,273,9.778062356025075e-9,0.41027655518764156,1.83330303799994,true,0.009066875108663181,gradient
b03644fe,64,cell_064,0.5,0.05,3,500,1000,0.007933977874552963,595,9.893438039282331e-9,0.2877521064955122,4.70627267800046,true,0.017507449344444176,gradient
b03644fe,65,cell_065,0.5,0.02,3,500,1000,0.003173591149821185,1954,9.978782278850101e-9,0.15962238964060313,15.343373283998517,true,0.030871825864269783,gradient
b03644fe,66,cell_066,0.5,0.01,3,500,1000,0.0015867955749105924,18,3.5394336438711314e-9,0.09651186054129673,3.456898717000513,true,0.04669123516406117,gradient
b03644fe,67,cell_067,0.7,0.5,3,500,1000,0.06956918221601245,198,9.584013180491403e-9,0.6261924832497463,0.9165102550014126,true,0.4967146603114317,gradient
b03644fe,68,cell_068,0.7,0.2,3,500,1000,0.027827672886404982,371,9.90549100338134e-9,0.49060907155607325,1.9220761270007642,true,0.6656707295246753,gradient
b03644fe,69,cell_069,0.7,0.1,3,500,1000,0.013913836443202491,556,9.866026065410982e-9,0.37005426075719694,3.607396757999595,true,0.8564513145496508,gradient
b03644fe,70,cell_070,0.7,0.05,3,500,1000,0.0069569182216012455,1101,9.920133573346896e-9,0.2536558256457638,8.02183003600112,true,1.1104992435469956,gradient
b03644fe,71,cell_071,0.7,0.02,3,500,1000,0.002782767288640498,3144,9.965298193163539e-9,0.13816096121889382,24.515059121999002,true,1.5139933987393936,gradient
b03644fe,72,cell_072,0.7,0.01,3,500,1000,0.001391383644320249,5000,2.3326877619872293e-7,0.08286607748301142,23.835289623999415,false,1.8346709481427226,gradient
b03644fe,73,cell_073,0.9,0.5,3,500,1000,0.06569633693720206,279,9.894798518886306e-9,0.5598169316387693,1.2500851029999467,true,1.0372555676340585,gradient
b03644fe,74,cell_074,0.9,0.2,3,500,1000,0.026278534774880825,457,9.821297769205262e-9,0.4497295221111571,1.841853441999774,true,1.34011880025027,gradient
b03644fe,75,cell_075,0.9,0.1,3,500,1000,0.013139267387440413,896,9.979482674629669e-9,0.34030086780082,3.4562972669991723,true,1.7359120453336796,gradient
b03644fe,76,cell_076,0.9,0.05,3,500,1000,0.006569633693720206,1798,9.946859078038134e-9,0.23134016674132912,7.798388788000011,true,2.2512353296855627,gradient
b03644fe,77,cell_077,0.9,0.02,3,500,1000,0.0026278534774880824,5000,1.538861401464021e-8,0.12488339094998346,21.150803730000916,false,3.007440099874653,gradient
b03644fe,78,cell_078,0.9,0.01,3,500,1000,0.0013139267387440412,5000,8.76603005304915e-6,0.07462921438638331,23.26171149199945,false,3.594799697431735,gradient
b03644fe,79,cell_079,0.95,0.5,3,500,1000,0.05953592169030551,385,9.83385774867146e-9,0.4776482805711084,0.8915329589999601,true,1.465482884953265,gradient
b03644fe,80,cell_080,0.95,0.2,3,500,1000,0.023814368676122206,753,9.949274618840236e-9,0.37717934353517557,1.9632643189997907,true,1.906558980203292,gradient
b03644fe,81,cell_081,0.95,0.1,3,500,1000,0.011907184338061103,1423,9.99472404938223e-9,0.2799353434234665,4.527077365999503,true,2.461401731340168,gradient
b03644fe,82,cell_082,0.95,0.05,3,500,1000,0.0059535921690305514,3183,9.993337634102341e-9,0.18740350065136796,11.161414562000573,true,3.1729658350039562,gradient
b03644fe,83,cell_083,0.95,0.02,3,500,1000,0.0023814368676122206,5000,2.9444037416418333e-6,0.09986018500271271,18.64697339399936,false,4.207443485863746,gradient
b03644fe,84,cell_084,0.95,0.01,3,500,1000,0.0011907184338061103,5000,5.440099277353307e-5,0.05929505240055442,19.85082318700006,false,4.8933440457210615,gradient
b03644fe,85,cell_085,0.99,0.5,3,500,1000,0.031911438182327195,903,9.961938137539179e-9,0.2898330235958411,2.11610029700023,true,2.4619345791906935,gradient
b03644fe,86,cell_086,0.99,0.2,3,500,1000,0.01276457527293088,2205,9.954533567916798e-9,0.2078679362592235,6.222952414000247,true,3.2830269010892477,gradient
b03644fe,87,cell_087,0.99,0.1,3,500,1000,0.00638228763646544,4806,9.97683657228028e-9,0.1401385542670142,15.004088818999662,true,4.15667452179849,gradient
b03644fe,88,cell_088,0.99,0.05,3,500,1000,0.00319114381823272,2299,9.989259410507359e-9,0.08792489903863451,8.74291912300032,true,5.104698455966352,gradient
b03644fe,89,cell_089,0.99,0.02,3,500,1000,0.0012764575272930878,5000,2.4773231091286637e-8,0.044488002727616535,21.402780750999227,false,6.364104970813262,gradient
b03644fe,90,cell_090,0.99,0.01,3,500,1000,0.0006382287636465439,5000,6.088056139808527e-8,0.02574669348544639,32.993113502001506,false,7.304978881441419,gradient
8f9cbd77,1,cell_001,0.5,0.5,1,500,1000,0.07917128683754507,8,1.7855563416713238e-9,0.6623659061806706,2.1313154809995467,true,-0.009350078774789706,newton
8f9cbd77,2,cell_002,0.5,0.2,1,500,1000,0.03166851473501803,5,2.5115174731582535e-9,0.5320171780440297,0.019159702000251855,true,-0.017679001482276215,newton
8f9cbd77,3,cell_003,0.5,0.1,1,500,1000,0.015834257367509014,9,1.5214844557853713e-9,0.41318333349974523,0.052922518998457235,true,-0.01264799295159676,newton
8f9cbd77,4,cell_004,0.5,0.05,1,500,1000,0.007917128683754507,11,4.445754160642412e-9,0.2901559718582377,0.11493141899882175,true,-0.0061805340037407175,newton
8f9cbd77,5,cell_005,0.5,0.02,1,500,1000,0.003166851473501803,15,2.2139554473575573e-9,0.16133788592331127,0.5043312119996699,true,-0.015526279001250032,newton
8f9cbd77,6,cell_006,0.5,0.01,1,500,1000,0.0015834257367509015,15,3.039654219300081e-9,0.09766442243538569,0.8273317740004131,true,-0.01940908472960956,newton
8f9cbd77,7,cell_007,0.7,0.5,1,500,1000,0.06860904574424775,2,5.913620954034471e-9,0.638847279699059,0.008451155999864568,true,0.32324506456028557,newton
8f9cbd77,8,cell_008,0.7,0.2,1,500,1000,0.027443618297699104,5,2.5463989875018633e-9,0.5014150715477719,0.019584198998927604,true,0.42102192143096095,newton
8f9cbd77,9,cell_009,0.7,0.1,1,500,1000,0.013721809148849552,9,3.567756428832225e-9,0.3792678872234666,0.05603296700064675,true,0.5586351323240523,newton
8f9cbd77,10,cell_010,0.7,0.05,1,500,1000,0.006860904574424776,12,5.654641446924125e-9,0.2586601066999248,0.1304554210000788,true,0.7374400191460898,newton
8f9cbd77,11,cell_011,0.7,0.02,1,500,1000,0.00274436182976991,15,3.338691413178746e-9,0.14031850863693118,0.5566821280008298,true,0.9959909537436715,newton
8f9cbd77,12,cell_012,0.7,0.01,1,500,1000,0.001372180914884955,16,9.107375191236972e-9,0.08405972827820953,0.8771306729995558,true,1.1841692052429635,newton
8f9cbd77,13,cell_013,0.9,0.5,1,500,1000,0.06306968535257798,4,2.854660952067434e-14,0.5712091408342816,0.013366986000619363,true,0.9524318621629115,newton
8f9cbd77,14,cell_014,0.9,0.2,1,500,1000,0.025227874141031194,6,4.760904379064179e-10,0.44384726371258393,0.02476306599965028,true,1.270308265130613,newton
8f9cbd77,15,cell_015,0.9,0.1,1,500,1000,0.012613937070515597,9,4.155421232804324e-10,0.33125964661646795,0.062405611999565735,true,1.6682251102900028,newton
8f9cbd77,16,cell_016,0.9,0.05,1,500,1000,0.006306968535257799,12,3.6347899620703394e-9,0.22476839487663705,0.1670219879997603,true,2.1900842727775025,newton
8f9cbd77,17,cell_017,0.9,0.02,1,500,1000,0.0025227874141031193,15,6.690281784734603e-9,0.12141524802339948,0.4075479900002392,true,2.958414593475009,newton
8f9cbd77,18,cell_018,0.9,0.01,1,500,1000,0.0012613937070515596,17,3.842860918801955e-9,0.07256712354074153,1.1741101420011546,true,3.537053227036041,newton
8f9cbd77,19,cell_019,0.95,0.5,1,500,1000,0.05722651426800462,4,1.7005147290305445e-13,0.500713961700928,0.013203052998505882,true,1.3477986977233563,newton
8f9cbd77,20,cell_020,0.95,0.2,1,500,1000,0.022890605707201847,6,7.158814166463578e-11,0.39000748845348143,0.024477592998664477,true,1.776665569588335,newton
8f9cbd77,21,cell_021,0.95,0.1,1,500,1000,0.011445302853600924,10,2.311661043141733e-9,0.28948441392164137,0.06934569400073087,true,2.2632198430027777,newton
8f9cbd77,22,cell_022,0.95,0.05,1,500,1000,0.005722651426800462,13,8.219451238557218e-9,0.19434768526367707,0.18755520200102183,true,2.874446364114531,newton
8f9cbd77,23,cell_023,0.95,0.02,1,500,1000,0.002289060570720185,14,4.935116153844538e-9,0.1035871777241124,0.38935674899948935,true,3.7582542899354783,newton
8f9cbd77,24,cell_024,0.95,0.01,1,500,1000,0.0011445302853600925,16,9.924470911748529e-9,0.061475504364945255,1.1319157460002316,true,4.45208896110621,newton
8f9cbd77,25,cell_025,0.99,0.5,1,500,1000,0.03890253233698592,5,1.851507711037037e-9,0.32443653759,0.015527788998952019,true,2.2707634553367684,newton
8f9cbd77,26,cell_026,0.99,0.2,1,500,1000,0.01556101293479437,7,2.4935564550687683e-9,0.2412958669293335,0.034550549999039504,true,2.9939009457449286,newton
8f9cbd77,27,cell_027,0.99,0.1,1,500,1000,0.007780506467397185,12,2.1800268985849858e-9,0.16879597809543395,0.10676034300013271,true,3.8363511785960127,newton
8f9cbd77,28,cell_028,0.99,0.05,1,500,1000,0.0038902532336985924,13,7.375876786945568e-9,0.10820258355806944,0.32474046099923726,true,4.77291376591711,newton
8f9cbd77,29,cell_029,0.99,0.02,1,500,1000,0.001556101293479437,15,7.0313750245420276e-9,0.05564272578499109,0.809828692001247,true,6.040432074736058,newton
8f9cbd77,30,cell_030,0.99,0.01,1,500,1000,0.0007780506467397185,14,6.962113141529246e-9,0.032475559928411675,1.4128714539983775,true,7.021030234212463,newton
8f9cbd77,31,cell_031,0.5,0.5,2,500,1000,0.07663724828540176,1,1.20925422453233e-10,0.6609352854818289,0.006031519000316621,true,-0.11227330766568538,newton
8f9cbd77,32,cell_032,0.5,0.2,2,500,1000,0.030654899314160707,6,1.593408391342699e-11,0.5342035121858197,0.022241454000322847,true,-0.14763976839316828,newton
8f9cbd77,33,cell_033,0.5,0.1,2,500,1000,0.015327449657080354,9,1.4212735849339353e-10,0.41217658213900327,0.054081061000033515,true,-0.19307067287913707,newton
8f9cbd77,34,cell_034,0.5,0.05,2,500,1000,0.007663724828540177,12,2.707909764476657e-9,0.28686701020581584,0.1662127830004465,true,-0.2538538528306558,newton
8f9cbd77,35,cell_035,0.5,0.02,2,500,1000,0.0030654899314160704,14,6.434106532282602e-9,0.15781798748770304,0.32203015799859713,true,-0.32996739410305054,newton
8f9cbd77,36,cell_036,0.5,0.01,2,500,1000,0.0015327449657080352,16,9.235989966317054e-9,0.0951256463877391,0.8018466220000846,true,-0.38795558227320726,newton
8f9cbd77,37,cell_037,0.7,0.5,2,500,1000,0.07280085925900914,2,4.518581342427552e-11,0.641749428300927,0.008362746999409865,true,0.2966016323688892,newton
8f9cbd77,38,cell_038,0.7,0.2,2,500,1000,0.029120343703603658,5,4.010640257401388e-10,0.5096964677654545,0.018688714000745676,true,0.39139558607822716,newton
8f9cbd77,39,cell_039,0.7,0.1,2,500,1000,0.014560171851801829,9,2.4931937469413468e-9,0.3923875082897576,0.05381716800002323,true,0.48027039388345066,newton
8f9cbd77,40,cell_040,0.7,0.05,2,500,1000,0.0072800859259009145,12,9.062175579388487e-9,0.2713914433124407,0.1878168809998897,true,0.6199150718571396,newton
8f9cbd77,41,cell_041,0.7,0.02,2,500,1000,0.0029120343703603656,16,3.4080065896072154e-9,0.1485262502263583,0.5699304230001871,true,0.8380155748700417,newton
8f9cbd77,42,cell_042,0.7,0.01,2,500,1000,0.0014560171851801828,16,4.190005198270036e-9,0.08924783069296664,0.8914303230012592,true,1.0022002755608805,newton
8f9cbd77,43,cell_043,0.9,0.5,2,500,1000,0.06475712425759585,3,1.9937042294859708e-10,0.5715109399710745,0.010456243999215076,true,0.9654414234211209,newton
8f9cbd77,44,cell_044,0.9,0.2,2,500,1000,0.02590284970303834,5,5.62358671782337e-9,0.4570865560895875,0.019965649000369012,true,1.2586280825115017,newton
8f9cbd77,45,cell_045,0.9,0.1,2,500,1000,0.01295142485151917,10,3.3918562975659983e-9,0.3493185730456785,0.06520731400087243,true,1.6106652387562488,newton
8f9cbd77,46,cell_046,0.9,0.05,2,500,1000,0.006475712425759585,13,6.098961514641732e-9,0.2405336615429064,0.22057639900049253,true,2.0604168983764395,newton
8f9cbd77,47,cell_047,0.9,0.02,2,500,1000,0.002590284970303834,14,5.620416217936436e-9,0.1308077595063705,0.6720530679995136,true,2.7244544692657655,newton
8f9cbd77,48,cell_048,0.9,0.01,2,500,1000,0.001295142485151917,18,3.769524557079018e-9,0.07832203405388788,1.7574677869997686,true,3.230896662913312,newton
8f9cbd77,49,cell_049,0.95,0.5,2,500,1000,0.057877326106195295,3,5.0027693515586336e-9,0.4967304566251245,0.010495226999410079,true,1.3773674136536382,newton
8f9cbd77,50,cell_050,0.95,0.2,2,500,1000,0.02315093044247812,7,7.715877589631326e-11,0.38539396564543327,0.030291844001112622,true,1.834913070948215,newton
8f9cbd77,51,cell_051,0.95,0.1,2,500,1000,0.01157546522123906,10,6.332319345964121e-9,0.28157546111920806,0.06697257500127307,true,2.3886239939049148,newton
8f9cbd77,52,cell_052,0.95,0.05,2,500,1000,0.00578773261061953,15,2.145372870673845e-9,0.18670452783280608,0.2321691720007948,true,3.076670633349756,newton
8f9cbd77,53,cell_053,0.95,0.02,2,500,1000,0.002315093044247812,14,6.110002666141756e-9,0.0987992637810893,0.5709718110010726,true,4.046374168019611,newton
8f9cbd77,54,cell_054,0.95,0.01,2,500,1000,0.001157546522123906,14,8.02482239621767e-9,0.058456254326118735,1.2449108559994784,true,4.7893014924795,newton
8f9cbd77,55,cell_055,0.99,0.5,2,500,1000,0.031177537474844554,6,4.2632677943466035e-10,0.32132045412078464,0.02004482799929974,true,2.2891097317030047,newton
8f9cbd77,56,cell_056,0.99,0.2,2,500,1000,0.012471014989937822,10,8.855067182983456e-10,0.22909500176144293,0.058635204999518464,true,3.0548398220329984,newton
8f9cbd77,57,cell_057,0.99,0.1,2,500,1000,0.006235507494968911,13,4.540671717963296e-9,0.15341868128468097,0.17810455300059402,true,3.8794409229036213,newton
8f9cbd77,58,cell_058,0.99,0.05,2,500,1000,0.0031177537474844554,12,7.710833643901488e-9,0.09601041885898917,0.26325458500105015,true,4.7772876845851275,newton
8f9cbd77,59,cell_059,0.99,0.02,2,500,1000,0.0012471014989937823,14,4.170733472778562e-9,0.048547006404953325,0.6493661199983762,true,5.972323611531184,newton
8f9cbd77,60,cell_060,0.99,0.01,2,500,1000,0.0006235507494968912,14,9.620172432322008e-9,0.028096801139986013,2.0456959160001134,true,6.8668642796419155,newton
8f9cbd77,61,cell_061,0.5,0.5,3,500,1000,0.07933977874552962,8,3.921075061863455e-9,0.6616704410372767,0.02044569800091267,true,0.008362828205288626,newton
8f9cbd77,62,cell_062,0.5,0.2,3,500,1000,0.03173591149821185,5,1.9641893528321575e-9,0.5298406427409363,0.01846416400076123,true,0.00981795689692495,newton
8f9cbd77,63,cell_063,0.5,0.1,3,500,1000,0.015867955749105926,9,4.044940458969304e-10,0.41027655518763506,0.05327147400021204,true,0.009067205422828569,newton
8f9cbd77,64,cell_064,0.5,0.05,3,500,1000,0.007933977874552963,13,9.289023427186405e-9,0.28775210649554805,0.18167795200133696,true,0.017508100246776525,newton
8f9cbd77,65,cell_065,0.5,0.02,3,500,1000,0.003173591149821185,15,3.9493803032607244e-9,0.15962238964061878,0.6523918879993289,true,0.03087414864978268,newton
8f9cbd77,66,cell_066,0.5,0.01,3,500,1000,0.0015867955749105924,17,3.170156588627737e-9,0.09651186054149044,1.4206112279989611,true,0.04668980816740625,newton
8f9cbd77,67,cell_067,0.7,0.5,3,500,1000,0.06956918221601245,2,3.8620731612759585e-11,0.6261924832497427,0.008331496999744559,true,0.496714839238134,newton
8f9cbd77,68,cell_068,0.7,0.2,3,500,1000,0.027827672886404982,5,7.2748632291841364e-9,0.49060907155606875,0.019317804999445798,true,0.6656709820820599,newton
8f9cbd77,69,cell_069,0.7,0.1,3,500,1000,0.013913836443202491,9,2.3849725666602595e-10,0.3700542607571877,0.05366227400008938,true,0.8564517664558324,newton
8f9cbd77,70,cell_070,0.7,0.05,3,500,1000,0.0069569182216012455,13,4.352996101596174e-9,0.2536558256457634,0.1608643679992383,true,1.11050026051011,newton
8f9cbd77,71,cell_071,0.7,0.02,3,500,1000,0.002782767288640498,13,3.761405267983797e-9,0.13816096121891855,0.4657676150000043,true,1.5139964088948545,newton
8f9cbd77,72,cell_072,0.7,0.01,3,500,1000,0.001391383644320249,17,1.849517241832646e-9,0.08286607738616236,0.7169667420002952,true,1.834821467518765,newton
8f9cbd77,73,cell_073,0.9,0.5,3,500,1000,0.06569633693720206,3,3.007084720119124e-10,0.5598169316387649,0.01048994600023434,true,1.0372557904373185,newton
8f9cbd77,74,cell_074,0.9,0.2,3,500,1000,0.026278534774880825,5,5.061067932798924e-9,0.4497295221111511,0.01952855499985162,true,1.3401191468840845,newton
8f9cbd77,75,cell_075,0.9,0.1,3,500,1000,0.013139267387440413,10,1.0929334381959421e-9,0.3403008678008065,0.06004857500010985,true,1.7359126929163882,newton
8f9cbd77,76,cell_076,0.9,0.05,3,500,1000,0.006569633693720206,12,1.645817457145149e-9,0.2313401667413011,0.19058078399939404,true,2.2512367502078883,newton
8f9cbd77,77,cell_077,0.9,0.02,3,500,1000,0.0026278534774880824,14,4.379439717989986e-9,0.12488339094985401,0.6317733229989244,true,3.0074473623681115,newton
8f9cbd77,78,cell_078,0.9,0.01,3,500,1000,0.0013139267387440412,17,2.4492274723099394e-10,0.07462900541544974,1.5493061799988936,true,3.604328042240239,newton
8f9cbd77,79,cell_079,0.95,0.5,3,500,1000,0.05953592169030551,4,5.367297578606767e-11,0.47764828057110276,0.012727695999274147,true,1.465483173640053,newton
8f9cbd77,80,cell_080,0.95,0.2,3,500,1000,0.023814368676122206,6,1.1819928473488783e-9,0.3771793435351644,0.023313372999837156,true,1.906559518687515,newton
8f9cbd77,81,cell_081,0.95,0.1,3,500,1000,0.011907184338061103,10,7.085730873573892e-10,0.2799353434234431,0.07494584899905021,true,2.4614028655202325,newton
8f9cbd77,82,cell_082,0.95,0.05,3,500,1000,0.0059535921690305514,13,3.72581480945211e-9,0.18740350065133207,0.1721022660003655,true,3.172968356086287,newton
8f9cbd77,83,cell_083,0.95,0.02,3,500,1000,0.0023814368676122206,15,3.107119213394821e-9,0.09986016930699065,0.6150126739994448,true,4.209898317523766,newton
8f9cbd77,84,cell_084,0.95,0.01,3,500,1000,0.0011907184338061103,16,3.646692397270973e-9,0.05928204331235569,1.682936677001635,true,5.000421824420279,newton
8f9cbd77,85,cell_085,0.99,0.5,3,500,1000,0.031911438182327195,6,8.485368255262138e-9,0.2898330235958322,0.019489078998958576,true,2.4619351455685075,newton
8f9cbd77,86,cell_086,0.99,0.2,3,500,1000,0.01276457527293088,11,3.187889707420566e-9,0.20786793625919103,0.0625176690009539,true,3.2830286010038563,newton
8f9cbd77,87,cell_087,0.99,0.1,3,500,1000,0.00638228763646544,13,3.1278344463092633e-9,0.14013855426694855,0.13781204699989758,true,4.156678156315532,newton
8f9cbd77,88,cell_088,0.99,0.05,3,500,1000,0.00319114381823272,15,7.655346560223736e-9,0.08792489903862287,0.46902015900013794,true,5.104707072903693,newton
8f9cbd77,89,cell_089,0.99,0.02,3,500,1000,0.0012764575272930878,8,8.535122077851787e-9,0.04448800272437686,3.3432225010001275,true,6.3641751144949,newton
8f9cbd77,90,cell_090,0.99,0.01,3,500,1000,0.0006382287636465439,8,9.841195747748756e-9,0.02574669343344978,7.892212966000443,true,7.3053910346501825,newton
