Fstar,primals,time,dual_relgaps,dual_cert,reg,strategy,gaps,relgaps
15910.140914505446,112862.78864510865,0.001953125,Float64(1000),5.536699809304472e-6,0.05,gradient,Float64(1000),6.093764238267081
15910.140914505446,52308.605344699536,0.5600941181182861,Float64(1000),5.536699809304472e-6,0.05,gradient,Float64(1000),2.287752486026646
15910.140914505446,39694.92827708063,0.7964529991149902,Float64(1000),5.536699809304472e-6,0.05,gradient,Float64(1000),1.4949451101900888
15910.140914505446,36009.724157025514,0.8955411911010742,Float64(1000),5.536699809304472e-6,0.05,gradient,Float64(1000),1.2633189957604374
15910.140914505446,33132.9898644045,0.9798591136932373,Float64(1000),5.536699809304472e-6,0.05,gradient,Float64(1000),1.08250763097873
15910.140914505446,30654.42253544715,1.111138105392456,Float64(1000),5.536699809304472e-6,0.05,gradient,Float64(1000),0.9267222521894312
15910.140914505446,28548.169616075575,1.193202018737793,Float64(1000),5.536699809304472e-6,0.05,gradient,Float64(1000),0.7943379489522876
15910.140914505446,26772.83154023534,1.4628181457519531,Float64(1000),5.536699809304472e-6,0.05,gradient,Float64(1000),0.6827526345681993
15910.140914505446,25293.080963995577,1.5559320449829102,Float64(1000),5.536699809304472e-6,0.05,gradient,Float64(1000),0.5897458796820337
15910.140914505446,24087.01593448673,1.641793966293335,Float64(1000),5.536699809304472e-6,0.05,gradient,Float64(1000),0.5139410809697066
15910.140914505446,23085.507721085858,1.763322114944458,Float64(1000),5.536699809304472e-6,0.05,gradient,Float64(1000),0.4509932907029474
15910.140914505446,22278.0013838338,1.8421401977539062,Float64(1000),5.536699809304472e-6,0.05,gradient,Float64(1000),0.40023909929815327
15910.140914505446,21676.77009212498,1.905515193939209,Float64(1000),5.536699809304472e-6,0.05,gradient,Float64(1000),0.3624499122042369
15910.140914505446,21186.763056187858,2.0212960243225098,Float64(1000),5.536699809304472e-6,0.05,gradient,Float64(1000),0.3316515026508445
15910.140914505446,20775.274833324787,2.3709399700164795,Float64(1000),5.536699809304472e-6,0.05,gradient,Float64(1000),0.3057882356267346
15910.140914505446,20423.592768185663,2.511568069458008,Float64(1000),5.536699809304472e-6,0.05,gradient,Float64(1000),0.2836839647073933
15910.140914505446,20116.943497475917,2.6335790157318115,Float64(1000),5.536699809304472e-6,0.05,gradient,Float64(1000),0.26441013977035766
15910.140914505446,19846.44980186705,2.7570300102233887,Float64(1000),5.536699809304472e-6,0.05,gradient,Float64(1000),0.24740880099765983
15910.140914505446,19605.921486676598,2.879552125930786,Float64(1000),5.536699809304472e-6,0.05,gradient,Float64(1000),0.23229087611673316
15910.140914505446,19390.03121762697,2.957669973373413,Float64(1000),5.536699809304472e-6,0.05,gradient,Float64(1000),0.21872152621532534
15910.140914505446,19194.779067496085,3.1007630825042725,Float64(1000),5.536699809304472e-6,0.05,gradient,Float64(1000),0.20644934388959432
15910.140914505446,19017.84892601963,3.3753840923309326,Float64(1000),5.536699809304472e-6,0.05,gradient,Float64(1000),0.19532875467374727
15910.140914505446,18856.429408769152,3.500960111618042,Float64(1000),5.536699809304472e-6,0.05,gradient,Float64(1000),0.1851830546376584
15910.140914505446,18708.500728593117,3.6150810718536377,Float64(1000),5.536699809304472e-6,0.05,gradient,Float64(1000),0.17588529411052398
15910.140914505446,18572.449555716223,3.725680112838745,Float64(1000),5.536699809304472e-6,0.05,gradient,Float64(1000),0.16733407048478882
15910.140914505446,18446.858176565038,3.836996078491211,Float64(1000),5.536699809304472e-6,0.05,gradient,Float64(1000),0.15944027621696547
15910.140914505446,18330.670923295063,3.9530041217803955,Float64(1000),5.536699809304472e-6,0.05,gradient,Float64(1000),0.15213755942178955
15910.140914505446,18222.771911420557,4.068003177642822,Float64(1000),5.536699809304472e-6,0.05,gradient,Float64(1000),0.14535578341777358
15910.140914505446,18122.222910075943,4.1847991943359375,Float64(1000),5.536699809304472e-6,0.05,gradient,Float64(1000),0.13903597758544795
15910.140914505446,18029.236570111483,4.485882997512817,Float64(1000),5.536699809304472e-6,0.05,gradient,Float64(1000),0.13319150766754273
15910.140914505446,17943.058355363566,4.616015195846558,Float64(1000),5.536699809304472e-6,0.05,gradient,Float64(1000),0.12777494880668766
15910.140914505446,17861.616909331424,4.785598993301392,Float64(1000),5.536699809304472e-6,0.05,gradient,Float64(1000),0.1226561100440535
15910.140914505446,17785.014640680063,4.893148183822632,Float64(1000),5.536699809304472e-6,0.05,gradient,Float64(1000),0.11784142807090256
15910.140914505446,17712.646601651402,4.954071044921875,Float64(1000),5.536699809304472e-6,0.05,gradient,Float64(1000),0.11329288010910027
15910.140914505446,17644.197698584754,5.011557102203369,Float64(1000),5.536699809304472e-6,0.05,gradient,Float64(1000),0.10899066157851249
15910.140914505446,17579.335625073276,5.076843976974487,Float64(1000),5.536699809304472e-6,0.05,gradient,Float64(1000),0.10491388602636494
15910.140914505446,17517.76527105282,5.187141180038452,Float64(1000),5.536699809304472e-6,0.05,gradient,Float64(1000),0.10104400490140762
15910.140914505446,17459.22476957597,5.296670198440552,Float64(1000),5.536699809304472e-6,0.05,gradient,Float64(1000),0.09736455908182476
15910.140914505446,17403.49435014451,5.354803085327148,Float64(1000),5.536699809304472e-6,0.05,gradient,Float64(1000),0.09386173533369252
15910.140914505446,17350.351804875387,5.5985541343688965,Float64(1000),5.536699809304472e-6,0.05,gradient,Float64(1000),0.09052156722615104
15910.140914505446,17299.601953421734,5.6676740646362305,Float64(1000),5.536699809304472e-6,0.05,gradient,Float64(1000),0.08733178708992462
15910.140914505446,17251.088947617493,5.725545167922974,Float64(1000),5.536699809304472e-6,0.05,gradient,Float64(1000),0.08428259940108325
15910.140914505446,17204.65953620088,5.781125068664551,Float64(1000),5.536699809304472e-6,0.05,gradient,Float64(1000),0.08136437185890721
15910.140914505446,17160.17430623762,5.839099168777466,Float64(1000),5.536699809304472e-6,0.05,gradient,Float64(1000),0.07856834194299966
15910.140914505446,17117.506530752362,5.89647912979126,Float64(1000),5.536699809304472e-6,0.05,gradient,Float64(1000),0.07588654448347142
15910.140914505446,17077.355959399818,5.953333139419556,Float64(1000),5.536699809304472e-6,0.05,gradient,Float64(1000),0.0733629608415479
15910.140914505446,17040.299405633545,6.006819009780884,Float64(1000),5.536699809304472e-6,0.05,gradient,Float64(1000),0.07103384547007507
15910.140914505446,17005.633564398235,6.067381143569946,Float64(1000),5.536699809304472e-6,0.05,gradient,Float64(1000),0.0688549935402531
15910.140914505446,16972.939135981807,6.303441047668457,Float64(1000),5.536699809304472e-6,0.05,gradient,Float64(1000),0.06680005080956869
15910.140914505446,16941.990430451267,6.365240097045898,Float64(1000),5.536699809304472e-6,0.05,gradient,Float64(1000),0.06485483198989604
15910.140914505446,16912.624017140162,6.427738189697266,Float64(1000),5.536699809304472e-6,0.05,gradient,Float64(1000),0.06300906497444922
15910.140914505446,16884.70567061615,6.479766130447388,Float64(1000),5.536699809304472e-6,0.05,gradient,Float64(1000),0.06125431329286231
15910.140914505446,16858.119944433747,6.536326169967651,Float64(1000),5.536699809304472e-6,0.05,gradient,Float64(1000),0.059583320790328055
15910.140914505446,16832.76580211043,6.588334083557129,Float64(1000),5.536699809304472e-6,0.05,gradient,Float64(1000),0.05798973702136202
15910.140914505446,16808.65315660407,6.642170190811157,Float64(1000),5.536699809304472e-6,0.05,gradient,Float64(1000),0.05647418504505133
15910.140914505446,16785.723081991906,6.693608045578003,Float64(1000),5.536699809304472e-6,0.05,gradient,Float64(1000),0.055032961190694576
15910.140914505446,16763.856061900085,6.745628118515015,Float64(1000),5.536699809304472e-6,0.05,gradient,Float64(1000),0.053658553496298604
15910.140914505446,16742.960960232704,6.7994771003723145,Float64(1000),5.536699809304472e-6,0.05,gradient,Float64(1000),0.052345233785325365
15910.140914505446,16722.965041885705,6.870066165924072,Float64(1000),5.536699809304472e-6,0.05,gradient,Float64(1000),0.05108843043867695
15910.140914505446,16703.80677633279,7.0889880657196045,Float64(1000),5.536699809304472e-6,0.05,gradient,Float64(1000),0.0498842760785198
15910.140914505446,16685.432277534124,7.152342081069946,Float64(1000),5.536699809304472e-6,0.05,gradient,Float64(1000),0.04872938380588679
15910.140914505446,16667.79336954528,7.202063083648682,Float64(1000),5.536699809304472e-6,0.05,gradient,Float64(1000),0.047620725618405774
15910.140914505446,16650.846418580983,7.255922079086304,Float64(1000),5.536699809304472e-6,0.05,gradient,Float64(1000),0.04655555900200906
15910.140914505446,16634.551562620385,7.305495977401733,Float64(1000),5.536699809304472e-6,0.05,gradient,Float64(1000),0.045531378509318314
15910.140914505446,16618.872165536046,7.355341196060181,Float64(1000),5.536699809304472e-6,0.05,gradient,Float64(1000),0.04454588145001546
15910.140914505446,16603.89608744502,7.405052185058594,Float64(1000),5.536699809304472e-6,0.05,gradient,Float64(1000),0.043604590095557894
15910.140914505446,16589.677941903024,7.4550299644470215,Float64(1000),5.536699809304472e-6,0.05,gradient,Float64(1000),0.04271093707146474
15910.140914505446,16576.088457619284,7.503512144088745,Float64(1000),5.536699809304472e-6,0.05,gradient,Float64(1000),0.041856797290003044
15910.140914505446,16563.08953061045,7.570095062255859,Float64(1000),5.536699809304472e-6,0.05,gradient,Float64(1000),0.04103977580171551
15910.140914505446,16550.64359714047,7.780673027038574,Float64(1000),5.536699809304472e-6,0.05,gradient,Float64(1000),0.04025751161330524
15910.140914505446,16538.71725364922,7.84232497215271,Float64(1000),5.536699809304472e-6,0.05,gradient,Float64(1000),0.03950790521099006
15910.140914505446,16527.280584408705,7.891304016113281,Float64(1000),5.536699809304472e-6,0.05,gradient,Float64(1000),0.038789076301681685
15910.140914505446,16516.30634549257,7.93845796585083,Float64(1000),5.536699809304472e-6,0.05,gradient,Float64(1000),0.03809931252302582
15910.140914505446,16505.76942770678,7.987709045410156,Float64(1000),5.536699809304472e-6,0.05,gradient,Float64(1000),0.03743703568698702
15910.140914505446,16495.646524080184,8.035099029541016,Float64(1000),5.536699809304472e-6,0.05,gradient,Float64(1000),0.03680078088063487
15910.140914505446,16485.915911265307,8.083247184753418,Float64(1000),5.536699809304472e-6,0.05,gradient,Float64(1000),0.03618918272652889
15910.140914505446,16476.55729145352,8.132166147232056,Float64(1000),5.536699809304472e-6,0.05,gradient,Float64(1000),0.035600965446614306
15910.140914505446,16467.551667502084,8.181015968322754,Float64(1000),5.536699809304472e-6,0.05,gradient,Float64(1000),0.03503493501358252
15910.140914505446,16458.881237807167,8.229817152023315,Float64(1000),5.536699809304472e-6,0.05,gradient,Float64(1000),0.03448997254332479
15910.140914505446,16450.529304240623,8.463499069213867,Float64(1000),5.536699809304472e-6,0.05,gradient,Float64(1000),0.03396502850848412
15910.140914505446,16442.480189734684,8.523190021514893,Float64(1000),5.536699809304472e-6,0.05,gradient,Float64(1000),0.03345911755840572
15910.140914505446,16434.719163599384,8.58100700378418,Float64(1000),5.536699809304472e-6,0.05,gradient,Float64(1000),0.032971313825113556
15910.140914505446,16427.232373421743,8.62776517868042,Float64(1000),5.536699809304472e-6,0.05,gradient,Float64(1000),0.032500746642970264
15910.140914505446,16420.006782731398,8.677852153778076,Float64(1000),5.536699809304472e-6,0.05,gradient,Float64(1000),0.032046596630775394
15910.140914505446,16413.030113838046,8.725178003311157,Float64(1000),5.536699809304472e-6,0.05,gradient,Float64(1000),0.03160809209892731
15910.140914505446,16406.290795311565,8.775516033172607,Float64(1000),5.536699809304472e-6,0.05,gradient,Float64(1000),0.031184505748391805
15910.140914505446,16399.777913685648,8.825772047042847,Float64(1000),5.536699809304472e-6,0.05,gradient,Float64(1000),0.0307751516351307
15910.140914505446,16393.481168994393,8.876873016357422,Float64(1000),5.536699809304472e-6,0.05,gradient,Float64(1000),0.030379382375443346
15910.140914505446,16387.39083378758,8.926621198654175,Float64(1000),5.536699809304472e-6,0.05,gradient,Float64(1000),0.029996586569954284
15910.140914505446,16381.497715335201,8.975270986557007,Float64(1000),5.536699809304472e-6,0.05,gradient,Float64(1000),0.029626186428054462
15910.140914505446,16375.793120720602,9.023648023605347,Float64(1000),5.536699809304472e-6,0.05,gradient,Float64(1000),0.029267635573900923
15910.140914505446,16370.26882458005,9.260378122329712,Float64(1000),5.536699809304472e-6,0.05,gradient,Float64(1000),0.02892041701875184
15910.140914505446,16364.91703926844,9.322573184967041,Float64(1000),5.536699809304472e-6,0.05,gradient,Float64(1000),0.02858404128579207
15910.140914505446,16359.73038722342,9.374925136566162,Float64(1000),5.536699809304472e-6,0.05,gradient,Float64(1000),0.028258044673135436
15910.140914505446,16354.701875366234,9.422101974487305,Float64(1000),5.536699809304472e-6,0.05,gradient,Float64(1000),0.027941987644840866
15910.140914505446,16349.824871348123,9.473689079284668,Float64(1000),5.536699809304472e-6,0.05,gradient,Float64(1000),0.027635453337928148
15910.140914505446,16345.093081510922,9.521088123321533,Float64(1000),5.536699809304472e-6,0.05,gradient,Float64(1000),0.027338046177135106
15910.140914505446,16340.50053039964,9.569544076919556,Float64(1000),5.536699809304472e-6,0.05,gradient,Float64(1000),0.02704939058722171
15910.140914505446,16336.041541721272,9.618283033370972,Float64(1000),5.536699809304472e-6,0.05,gradient,Float64(1000),0.02676912979617469
15910.140914505446,16331.710720619656,9.665335178375244,Float64(1000),5.536699809304472e-6,0.05,gradient,Float64(1000),0.02649692472112931
15910.140914505446,15982.263151457602,68.30678105354309,Float64(1000),5.536699809304472e-6,0.05,gradient,Float64(1000),0.0045330985652303
15910.140914505446,15982.19637177638,68.54235410690308,Float64(1000),5.536699809304472e-6,0.05,gradient,Float64(1000),0.0045289012622911256
15910.140914505446,15982.12970731987,68.60546612739563,Float64(1000),5.536699809304472e-6,0.05,gradient,Float64(1000),0.004524711201570223
15910.140914505446,15982.063157775907,68.65819215774536,Float64(1000),5.536699809304472e-6,0.05,gradient,Float64(1000),0.004520528363447032
15910.140914505446,15981.996722831838,68.70487403869629,Float64(1000),5.536699809304472e-6,0.05,gradient,Float64(1000),0.004516352728270352
15910.140914505446,112862.78864510865,0.0019550323486328125,Float64(49),5.536699809304472e-6,0.05,newton,Float64(49),6.093764238267081
15910.140914505446,41094.94534550066,0.39414000511169434,Float64(49),5.536699809304472e-6,0.05,newton,Float64(49),1.5829403753447562
15910.140914505446,24107.548159716516,0.695030927658081,Float64(49),5.536699809304472e-6,0.05,newton,Float64(49),0.5152315928099296
15910.140914505446,19562.569187260975,1.080225944519043,Float64(49),5.536699809304472e-6,0.05,newton,Float64(49),0.22956605427834842
15910.140914505446,17337.74820415525,1.2233459949493408,Float64(49),5.536699809304472e-6,0.05,newton,Float64(49),0.08972939317892777
15910.140914505446,16415.86124574729,1.3986339569091797,Float64(49),5.536699809304472e-6,0.05,newton,Float64(49),0.031786037217355616
15910.140914505446,16028.560733076632,1.5173521041870117,Float64(49),5.536699809304472e-6,0.05,newton,Float64(49),0.007443040209858984
15910.140914505446,16005.029502158046,1.5823750495910645,Float64(49),5.536699809304472e-6,0.05,newton,Float64(49),0.005964031881458018
15910.140914505446,15994.842847366854,1.6509771347045898,Float64(49),5.536699809304472e-6,0.05,newton,Float64(49),0.00532377012350558
15910.140914505446,15986.103728429749,1.7166740894317627,Float64(49),5.536699809304472e-6,0.05,newton,Float64(49),0.004774490328683832
15910.140914505446,15977.236954276348,1.96419095993042,Float64(49),5.536699809304472e-6,0.05,newton,Float64(49),0.004217187021249453
15910.140914505446,15967.739746594365,2.039997100830078,Float64(49),5.536699809304472e-6,0.05,newton,Float64(49),0.0036202590786864547
15910.140914505446,15957.640835837254,2.1078810691833496,Float64(49),5.536699809304472e-6,0.05,newton,Float64(49),0.0029855122960288595
15910.140914505446,15947.295187307116,2.17031192779541,Float64(49),5.536699809304472e-6,0.05,newton,Float64(49),0.002335257305470895
15910.140914505446,15936.692668008884,2.2324440479278564,Float64(49),5.536699809304472e-6,0.05,newton,Float64(49),0.0016688572179288667
15910.140914505446,15929.728280181018,2.2980809211730957,Float64(49),5.536699809304472e-6,0.05,newton,Float64(49),0.0012311245878227303
15910.140914505446,15925.237053867908,2.3589439392089844,Float64(49),5.536699809304472e-6,0.05,newton,Float64(49),0.0009488375648954022
15910.140914505446,15921.881362295844,2.419764995574951,Float64(49),5.536699809304472e-6,0.05,newton,Float64(49),0.0007379223008448925
15910.140914505446,15919.345420654023,2.6734321117401123,Float64(49),5.536699809304472e-6,0.05,newton,Float64(49),0.0005785307746825211
15910.140914505446,15917.361736330193,2.745728015899658,Float64(49),5.536699809304472e-6,0.05,newton,Float64(49),0.0004538502747114994
15910.140914505446,15915.729257601139,2.808845043182373,Float64(49),5.536699809304472e-6,0.05,newton,Float64(49),0.0003512440980706766
15910.140914505446,15914.311943106904,2.86883807182312,Float64(49),5.536699809304472e-6,0.05,newton,Float64(49),0.0002621616379057856
15910.140914505446,15913.0270249162,2.9293789863586426,Float64(49),5.536699809304472e-6,0.05,newton,Float64(49),0.00018140068188354363
15910.140914505446,15911.830271462139,2.992121934890747,Float64(49),5.536699809304472e-6,0.05,newton,Float64(49),0.00010618114357193317
15910.140914505446,15910.900085899655,3.0522959232330322,Float64(49),5.536699809304472e-6,0.05,newton,Float64(49),4.771619549372541e-5
15910.140914505446,15910.582203245247,3.298166036605835,Float64(49),5.536699809304472e-6,0.05,newton,Float64(49),2.7736318752452943e-5
15910.140914505446,15910.395903596302,3.3690271377563477,Float64(49),5.536699809304472e-6,0.05,newton,Float64(49),1.6026827934838664e-5
15910.140914505446,15910.28704197601,3.432551145553589,Float64(49),5.536699809304472e-6,0.05,newton,Float64(49),9.184549109192134e-6
15910.140914505446,15910.22384458904,3.49310302734375,Float64(49),5.536699809304472e-6,0.05,newton,Float64(49),5.212404091176626e-6
15910.140914505446,15910.187504354435,3.562911033630371,Float64(49),5.536699809304472e-6,0.05,newton,Float64(49),2.92831152405231e-6
15910.140914505446,15910.166843309486,3.6243159770965576,Float64(49),5.536699809304472e-6,0.05,newton,Float64(49),1.6297029786884377e-6
15910.140914505446,15910.155235200436,3.6827211380004883,Float64(49),5.536699809304472e-6,0.05,newton,Float64(49),9.00098564026249e-7
15910.140914505446,15910.148785959904,3.7448549270629883,Float64(49),5.536699809304472e-6,0.05,newton,Float64(49),4.947444840510834e-7
15910.140914505446,15910.145236307544,3.805798053741455,Float64(49),5.536699809304472e-6,0.05,newton,Float64(49),2.716382036776743e-7
15910.140914505446,15910.1432950885,4.060435056686401,Float64(49),5.536699809304472e-6,0.05,newton,Float64(49),1.4962677364716704e-7
15910.140914505446,15910.142236024221,4.136366128921509,Float64(49),5.536699809304472e-6,0.05,newton,Float64(49),8.30614123792825e-8
15910.140914505446,15910.14165677373,4.193442106246948,Float64(49),5.536699809304472e-6,0.05,newton,Float64(49),4.6653784446521e-8
15910.140914505446,15910.141337444311,4.269484996795654,Float64(49),5.536699809304472e-6,0.05,newton,Float64(49),2.6582974177180303e-8
15910.140914505446,15910.141159108738,4.33445405960083,Float64(49),5.536699809304472e-6,0.05,newton,Float64(49),1.5374049390583464e-8
15910.140914505446,15910.141057832672,4.402234077453613,Float64(49),5.536699809304472e-6,0.05,newton,Float64(49),9.008545377871362e-9
15910.140914505446,15910.140999254898,4.462140083312988,Float64(49),5.536699809304472e-6,0.05,newton,Float64(49),5.326756848143149e-9
15910.140914505446,15910.140964782047,4.520110130310059,Float64(49),5.536699809304472e-6,0.05,newton,Float64(49),3.160034962086152e-9
15910.140914505446,15910.1409442101,4.601722002029419,Float64(49),5.536699809304472e-6,0.05,newton,Float64(49),1.8670264286332796e-9
15910.140914505446,15910.140931819205,4.833867073059082,Float64(49),5.536699809304472e-6,0.05,newton,Float64(49),1.088221637531917e-9
15910.140914505446,15910.140924327203,4.901206016540527,Float64(49),5.536699809304472e-6,0.05,newton,Float64(49),6.173268375499235e-10
15910.140914505446,15910.14091980111,4.96335506439209,Float64(49),5.536699809304472e-6,0.05,newton,Float64(49),3.3284833219056007e-10
15910.140914505446,15910.140917082088,5.022706985473633,Float64(49),5.536699809304472e-6,0.05,newton,Float64(49),1.6194967472093467e-10
15910.140914505446,15910.140915460892,5.100075960159302,Float64(49),5.536699809304472e-6,0.05,newton,Float64(49),1.0e-10
15910.140914505446,15910.140914505446,5.167338132858276,Float64(49),5.536699809304472e-6,0.05,newton,Float64(49),1.0e-10
15910.140914505446,112862.78864510865,0.002162933349609375,Float64(46),5.536699809304472e-6,0.05,exact,Float64(46),6.093764238267081
15910.140914505446,35435.25951718191,0.6919839382171631,Float64(46),5.536699809304472e-6,0.05,exact,Float64(46),1.2272121728900092
15910.140914505446,22240.83066471119,1.012465000152588,Float64(46),5.536699809304472e-6,0.05,exact,Float64(46),0.397902808292162
15910.140914505446,18671.89425396162,1.1734130382537842,Float64(46),5.536699809304472e-6,0.05,exact,Float64(46),0.17358446756045084
15910.140914505446,16856.50683415687,1.573944091796875,Float64(46),5.536699809304472e-6,0.05,exact,Float64(46),0.05948193197890609
15910.140914505446,16105.030126340862,1.825829029083252,Float64(46),5.536699809304472e-6,0.05,exact,Float64(46),0.012249370567028321
15910.140914505446,16010.422044154004,1.9224870204925537,Float64(46),5.536699809304472e-6,0.05,exact,Float64(46),0.006302969294076493
15910.140914505446,15998.477026962068,2.1994740962982178,Float64(46),5.536699809304472e-6,0.05,exact,Float64(46),0.005552189193754079
15910.140914505446,15989.204018996345,2.2879741191864014,Float64(46),5.536699809304472e-6,0.05,exact,Float64(46),0.004969352874732619
15910.140914505446,15979.772962846686,2.379056930541992,Float64(46),5.536699809304472e-6,0.05,exact,Float64(46),0.0043765827540695
15910.140914505446,15969.781050882175,2.4648709297180176,Float64(46),5.536699809304472e-6,0.05,exact,Float64(46),0.003748561165938795
15910.140914505446,15959.157119476558,2.5426480770111084,Float64(46),5.536699809304472e-6,0.05,exact,Float64(46),0.0030808152633283047
15910.140914505446,15947.9789422048,2.820244073867798,Float64(46),5.536699809304472e-6,0.05,exact,Float64(46),0.002378233348320415
15910.140914505446,15936.587641022754,2.9055800437927246,Float64(46),5.536699809304472e-6,0.05,exact,Float64(46),0.0016622559573432952
15910.140914505446,15929.436093641,2.978239059448242,Float64(46),5.536699809304472e-6,0.05,exact,Float64(46),0.0012127597888188363
15910.140914505446,15924.259649484931,3.0664288997650146,Float64(46),5.536699809304472e-6,0.05,exact,Float64(46),0.0008874047725506473
15910.140914505446,15920.602771715752,3.327831983566284,Float64(46),5.536699809304472e-6,0.05,exact,Float64(46),0.0006575590540978896
15910.140914505446,15917.960591573083,3.4060020446777344,Float64(46),5.536699809304472e-6,0.05,exact,Float64(46),0.0004914901200219742
15910.140914505446,15915.970709796955,3.4936859607696533,Float64(46),5.536699809304472e-6,0.05,exact,Float64(46),0.0003664200916155296
15910.140914505446,15914.38472418674,3.574321985244751,Float64(46),5.536699809304472e-6,0.05,exact,Float64(46),0.00026673614671920845
15910.140914505446,15913.041726219519,3.6508219242095947,Float64(46),5.536699809304472e-6,0.05,exact,Float64(46),0.0001823247028207157
15910.140914505446,15911.845173205125,3.9208920001983643,Float64(46),5.536699809304472e-6,0.05,exact,Float64(46),0.00010711776274248421
15910.140914505446,15910.800572648346,4.002372980117798,Float64(46),5.536699809304472e-6,0.05,exact,Float64(46),4.1461489652733414e-5
15910.140914505446,15910.526239396913,4.066062927246094,Float64(46),5.536699809304472e-6,0.05,exact,Float64(46),2.4218823298802933e-5
15910.140914505446,15910.364893571601,4.128267049789429,Float64(46),5.536699809304472e-6,0.05,exact,Float64(46),1.4077755021701177e-5
15910.140914505446,15910.270149073242,4.193490028381348,Float64(46),5.536699809304472e-6,0.05,exact,Float64(46),8.122779583799634e-6
15910.140914505446,15910.214805994921,4.288883924484253,Float64(46),5.536699809304472e-6,0.05,exact,Float64(46),4.6443013844165374e-6
15910.140914505446,15910.182742086363,4.531469106674194,Float64(46),5.536699809304472e-6,0.05,exact,Float64(46),2.628988714919601e-6
15910.140914505446,15910.164357275524,4.597093105316162,Float64(46),5.536699809304472e-6,0.05,exact,Float64(46),1.473448299668442e-6
15910.140914505446,15910.153936903424,4.664762020111084,Float64(46),5.536699809304472e-6,0.05,exact,Float64(46),8.184967089650495e-7
15910.140914505446,15910.14809903586,4.741934061050415,Float64(46),5.536699809304472e-6,0.05,exact,Float64(46),4.5156925085270107e-7
15910.140914505446,15910.144863031019,4.829764127731323,Float64(46),5.536699809304472e-6,0.05,exact,Float64(46),2.481766562685395e-7
15910.140914505446,15910.143084526082,5.055495977401733,Float64(46),5.536699809304472e-6,0.05,exact,Float64(46),1.3639229519376684e-7
15910.140914505446,15910.142112289148,5.125651121139526,Float64(46),5.536699809304472e-6,0.05,exact,Float64(46),7.528429248481396e-8
15910.140914505446,15910.14158141761,5.202865123748779,Float64(46),5.536699809304472e-6,0.05,exact,Float64(46),4.191742665712745e-8
15910.140914505446,15910.141290420463,5.267848014831543,Float64(46),5.536699809304472e-6,0.05,exact,Float64(46),2.362738449616914e-8
15910.140914505446,15910.14112943619,5.333336114883423,Float64(46),5.536699809304472e-6,0.05,exact,Float64(46),1.3509040867583146e-8
15910.140914505446,15910.141039118516,5.398447036743164,Float64(46),5.536699809304472e-6,0.05,exact,Float64(46),7.832304640221513e-9
15910.140914505446,15910.140987561332,5.650475025177002,Float64(46),5.536699809304472e-6,0.05,exact,Float64(46),4.591781196047562e-9
15910.140914505446,15910.140957586638,5.733078956604004,Float64(46),5.536699809304472e-6,0.05,exact,Float64(46),2.707781951626925e-9
15910.140914505446,15910.140939865323,5.802783012390137,Float64(46),5.536699809304472e-6,0.05,exact,Float64(46),1.5939442311205766e-9
15910.140914505446,15910.140929251313,5.87581992149353,Float64(46),5.536699809304472e-6,0.05,exact,Float64(46),9.268218849693134e-10
15910.140914505446,15910.140922843666,5.944766998291016,Float64(46),5.536699809304472e-6,0.05,exact,Float64(46),5.240821049806735e-10
15910.140914505446,15910.140918964193,6.030133962631226,Float64(46),5.536699809304472e-6,0.05,exact,Float64(46),2.8024559101631803e-10
15910.140914505446,15910.140916619755,6.293164968490601,Float64(46),5.536699809304472e-6,0.05,exact,Float64(46),1.328906903169853e-10
15910.140914505446,15910.140915212334,6.360594987869263,Float64(46),5.536699809304472e-6,0.05,exact,Float64(46),1.0e-10
