primals,time,strategy,gaps,relgaps,dataset
529.0,2.5987625122070312e-5,gradient,16505.006836023174,31.20039099437273,congress109
-6441.414123504659,0.006131887435913086,gradient,9277.356885093695,1.4402671070690376,congress109
-7670.289070212065,0.01640605926513672,gradient,7917.020037289424,1.032167101502804,congress109
-8272.554484575423,0.039231061935424805,gradient,7173.566229799697,0.8671524911894092,congress109
-8633.233912396652,0.04364585876464844,gradient,6801.003463400766,0.787770090838736,congress109
-8900.637263748304,0.05469202995300293,gradient,6530.899809155602,0.7337564284026625,congress109
-9113.734223876965,0.05907702445983887,gradient,6288.347633180976,0.6899858475910136,congress109
-9291.433404578116,0.0639338493347168,gradient,6082.571480231745,0.6546429614654197,congress109
-9431.491681464162,0.06804394721984863,gradient,5863.924594156433,0.6217388290423755,congress109
-9545.989404682176,0.07284903526306152,gradient,5771.998002341095,0.6046516246403972,congress109
-9645.689628662409,0.07736086845397949,gradient,5657.404088330375,0.5865214729198063,congress109
-9738.888929393792,0.08170795440673828,gradient,5546.421898214441,0.5695127995016249,congress109
-9825.585238000873,0.08603096008300781,gradient,5448.889908023275,0.554561359556422,congress109
-9903.142664909274,0.09014487266540527,gradient,5384.018766375595,0.5436676970688598,congress109
-9974.590081309867,0.09405803680419922,gradient,5345.696397938553,0.5359314372181753,congress109
-10039.214989651504,0.0976419448852539,gradient,5214.383291084154,0.5194014966767001,congress109
-10098.61963331949,0.10121798515319824,gradient,4877.694692031968,0.48300608094382047,congress109
-10149.5666707368,0.10477995872497559,gradient,4799.268288288178,0.4728545014759511,congress109
-10194.803753296375,0.1083979606628418,gradient,4766.596193209954,0.4675515398389821,congress109
-10236.25563016223,0.11231803894042969,gradient,4762.649865959105,0.4652726580924224,congress109
-10273.398108911497,0.1160738468170166,gradient,4772.323370835922,0.4645321168558868,congress109
-10306.713005699366,0.12143588066101074,gradient,4770.229574644558,0.4628274380014981,congress109
-10338.259171344847,0.12505698204040527,gradient,4735.323864360098,0.45803880381382484,congress109
-10367.23037342324,0.12858986854553223,gradient,4738.558955521394,0.45707086510480727,congress109
-10395.241470117855,0.1322648525238037,gradient,4771.0061965850655,0.45896059368123315,congress109
-10422.681688707164,0.1358499526977539,gradient,4774.515208031882,0.4580889401242106,congress109
-10449.85683945094,0.1398160457611084,gradient,4754.962841697343,0.4550266012971695,congress109
-10475.76196396734,0.14335298538208008,gradient,4737.945285931635,0.45227691333846415,congress109
-10500.099633947748,0.1472029685974121,gradient,4694.213277574854,0.4470636890337734,congress109
-10522.695834522676,0.15073490142822266,gradient,4668.750065124534,0.4436838371596165,congress109
-10544.529674641546,0.15447497367858887,gradient,4636.877424330352,0.43974246053681665,congress109
-10565.552543994589,0.15803194046020508,gradient,4578.663884775266,0.43335773171444375,congress109
-10585.80106644613,0.16153597831726074,gradient,4527.872372599861,0.4277307257314594,congress109
-10605.23943587931,0.16507506370544434,gradient,4511.881796951875,0.42543893744514805,congress109
-10621.782873308282,0.16874194145202637,gradient,4479.060791457214,0.4216863444566116,congress109
-10635.586271924754,0.17268800735473633,gradient,4455.57853358552,0.4189311637052971,congress109
-10649.27401648008,0.1764998435974121,gradient,4507.601842810023,0.4232778531038238,congress109
-10663.43745800225,0.18040084838867188,gradient,4513.165110740114,0.4232373592957365,congress109
-10677.292913792959,0.1839449405670166,gradient,4493.112316111132,0.42081006416026256,congress109
-10690.75676797163,0.18757987022399902,gradient,4479.2008379346025,0.418978837059862,congress109
-10703.786915014598,0.19120097160339355,gradient,4471.922381878958,0.4177888085202842,congress109
-10716.430457529015,0.19471001625061035,gradient,4466.014174646427,0.416744567358131,congress109
-10728.751707090814,0.19822192192077637,gradient,4454.807233810172,0.41522139345119846,congress109
-10741.421371903598,0.20195794105529785,gradient,4453.371217406957,0.41459794409105555,congress109
-10754.158892681833,0.20545601844787598,gradient,4373.910505048185,0.4067180472872328,congress109
-10765.926716436392,0.209089994430542,gradient,4352.529534086076,0.40428749412171344,congress109
-10777.425750221697,0.21258783340454102,gradient,4334.071593827117,0.4021434890180489,congress109
-10787.996431535863,0.21611690521240234,gradient,4288.0328391084695,0.3974818555346882,congress109
-10797.91541869871,0.21961402893066406,gradient,4238.450976209169,0.39252492836436365,congress109
-10807.433541631552,0.2232370376586914,gradient,4196.640804871569,0.38831058166636856,congress109
-10815.117224473732,0.22707295417785645,gradient,4171.67879674711,0.38572663709154625,congress109
-10822.341310604275,0.2305610179901123,gradient,4148.136314976595,0.3832937989963449,congress109
-10829.203648627401,0.23406291007995605,gradient,4108.318097272657,0.3793739808183758,congress109
-10835.940070705601,0.23759198188781738,gradient,4086.5874886198653,0.3771327140935138,congress109
-10841.973100388595,0.24175286293029785,gradient,4084.3328475454728,0.37671490324939866,congress109
-10847.785094246054,0.24576187133789062,gradient,4083.8042647485236,0.3764643408095058,congress109
-10853.53056072411,0.24932098388671875,gradient,4076.456481954903,0.3755880594934204,congress109
-10859.314346708064,0.2530088424682617,gradient,4069.0846755644397,0.3747091709153772,congress109
-10864.71071869471,0.25679588317871094,gradient,4079.9747971455326,0.3755253961916532,congress109
-10869.767982546207,0.26040101051330566,gradient,4095.884575478267,0.37681435170052446,congress109
-10874.590342156494,0.264070987701416,gradient,4103.111814423251,0.3773118513271352,congress109
-10879.273584970131,0.2677149772644043,gradient,4108.206144610014,0.37761768858221917,congress109
-10883.94371951027,0.2712869644165039,gradient,4110.010108989001,0.3776214040524214,congress109
-10888.684535932349,0.27507495880126953,gradient,4105.004554971902,0.3769972893810546,congress109
-10893.45471873953,0.2786219120025635,gradient,4097.462398927144,0.3761398477085933,congress109
-10898.055782657784,0.2822580337524414,gradient,4091.9607044366658,0.37547621209172516,congress109
-10902.628601637907,0.2859170436859131,gradient,4077.8522237766247,0.37402468457597526,congress109
-10907.209917596212,0.28978705406188965,gradient,4062.7811591640784,0.3724858318358519,congress109
-10911.747452091264,0.29320597648620605,gradient,4040.2110350560524,0.3702625132037615,congress109
-10916.236423670107,0.2969329357147217,gradient,4024.7032555095193,0.3686896380132072,congress109
-10920.674456532906,0.3008568286895752,gradient,4008.865830209372,0.36708958280605186,congress109
-10925.060384809505,0.3050858974456787,gradient,3991.7000886771075,0.3653709863450525,congress109
-10929.343112273864,0.30965399742126465,gradient,3977.9073609567604,0.3639658230227481,congress109
-10933.566265730897,0.31343793869018555,gradient,3950.864827234538,0.36135188932981027,congress109
-10937.659569450532,0.31708288192749023,gradient,3934.3764102987607,0.35970916678442655,congress109
-10941.73355592907,0.3214709758758545,gradient,3935.007604508748,0.35963292145571024,congress109
-10946.018226542388,0.3249788284301758,gradient,3936.5381705493146,0.35963197658522283,congress109
-10950.234248355679,0.3287830352783203,gradient,3935.506873553919,0.3593993319498975,congress109
-10954.140863222528,0.3321540355682373,gradient,3932.921828401506,0.3590351701251087,congress109
-10957.791730877037,0.336122989654541,gradient,3932.344335182637,0.3588628467998726,congress109
-10961.394712359486,0.33982086181640625,gradient,3931.459307119643,0.3586641490691635,congress109
-10964.889007771792,0.3431689739227295,gradient,3929.7195248178396,0.35839118134552006,congress109
-10968.174486122383,0.34673094749450684,gradient,3912.4528150616934,0.35670957095111605,congress109
-10971.468766754118,0.3502659797668457,gradient,3901.5510792013556,0.35560882158493534,congress109
-10974.715350594866,0.35408997535705566,gradient,3898.3828937038634,0.3552149435468099,congress109
-10977.753407140219,0.3574669361114502,gradient,3904.7214197710073,0.35569403638009156,congress109
-10980.657093039943,0.3610959053039551,gradient,3904.570183370528,0.3555862049317092,congress109
-10983.465974611041,0.36450791358947754,gradient,3904.060338171377,0.3554488489513104,congress109
-10986.227838292481,0.3689279556274414,gradient,3899.0389360882673,0.35490242815629336,congress109
-10988.926307208223,0.37296485900878906,gradient,3894.113393493404,0.3543670495759943,congress109
-10991.540117018756,0.37663793563842773,gradient,3891.322793728388,0.3540288942496108,congress109
-10993.865659108418,0.38047194480895996,gradient,3894.0636947805942,0.3542033180616831,congress109
-10996.052863945286,0.38402795791625977,gradient,3888.640925039812,0.353639708098366,congress109
-10998.124752500134,0.38790392875671387,gradient,3883.0437026083728,0.35306416229963794,congress109
-11000.09063440567,0.39186787605285645,gradient,3880.3239245747027,0.35275381390385746,congress109
-11001.991941002092,0.39540600776672363,gradient,3885.5573350461837,0.3531685312880057,congress109
-11003.768851324923,0.39888501167297363,gradient,3898.5292054801394,0.35429035798136854,congress109
-11005.45984547731,0.40263795852661133,gradient,3907.5782398608335,0.355058152473897,congress109
-11007.110351660654,0.40602588653564453,gradient,3910.3906734873017,0.3552604224502334,congress109
-11008.951591798126,0.40966296195983887,gradient,3911.4029198646276,0.3552929529437386,congress109
-14412.02576857114,2.5930099487304688,unguarded_newton,3.798704710789025e-5,2.635788175644958e-9,congress109
-14412.025768571142,2.596329927444458,unguarded_newton,3.7079202229506336e-5,2.5727959986281996e-9,congress109
-14412.025768571142,2.5998849868774414,unguarded_newton,3.6169634768157266e-5,2.509684297611636e-9,congress109
-14412.02576857114,2.603205919265747,unguarded_newton,3.5259712603874505e-5,2.446547985000604e-9,congress109
-14412.025768571137,2.6067399978637695,unguarded_newton,3.435073267610278e-5,2.383477050881546e-9,congress109
-14412.025768571135,2.61006498336792,unguarded_newton,3.34438791469438e-5,2.3205536601159963e-9,congress109
-14412.025768571133,2.613602876663208,unguarded_newton,3.254031980759464e-5,2.2578588416457446e-9,congress109
-14412.025768571137,2.616938829421997,unguarded_newton,3.164110421494115e-5,2.1954654205477577e-9,congress109
-14412.025768571137,2.6208670139312744,unguarded_newton,3.074726555496454e-5,2.133445085979259e-9,congress109
-14412.025768571139,2.6243200302124023,unguarded_newton,2.985974970215466e-5,2.071863468858831e-9,congress109
-14412.025768571139,2.627668857574463,unguarded_newton,2.8979435228393413e-5,2.0107815302127748e-9,congress109
-14412.025768571139,2.631265878677368,unguarded_newton,2.8107153411838226e-5,1.95025694952146e-9,congress109
-14412.025768571137,2.6345598697662354,unguarded_newton,2.7243668228038587e-5,1.890342736372975e-9,congress109
-14412.025768571137,2.6381139755249023,unguarded_newton,2.6389714548713528e-5,1.8310898809425252e-9,congress109
-14412.025768571137,2.641422986984253,unguarded_newton,2.55459344771225e-5,1.7725429365267658e-9,congress109
-14412.025768571135,2.64554500579834,unguarded_newton,2.4712962840567343e-5,1.7147459515691307e-9,congress109
-14412.025768571137,2.649294853210449,unguarded_newton,2.389134533586912e-5,1.6577367900611101e-9,congress109
-14412.025768571142,2.6529128551483154,unguarded_newton,2.3081614926923066e-5,1.6015524325010596e-9,congress109
-14412.025768571139,2.656737804412842,unguarded_newton,2.2284239094005898e-5,1.5462253157083578e-9,congress109
-14412.025768571135,2.6602258682250977,unguarded_newton,2.149965257558506e-5,1.4917856046628913e-9,congress109
-14412.02576857114,2.66393780708313,unguarded_newton,2.0728224626509473e-5,1.4382589206655674e-9,congress109
-14412.025768571135,2.667444944381714,unguarded_newton,1.9970348148490302e-5,1.3856725257902617e-9,congress109
-14412.025768571133,2.6708149909973145,unguarded_newton,1.9226281438022852e-5,1.3340443423262781e-9,congress109
-14412.025768571137,2.674433946609497,unguarded_newton,1.8496322809369303e-5,1.2833950692556318e-9,congress109
-14412.02576857113,2.677747964859009,unguarded_newton,1.7780732378014363e-5,1.2337427550809341e-9,congress109
-14412.025768571135,2.6816158294677734,unguarded_newton,1.7079681128961965e-5,1.1850992638528505e-9,congress109
-14412.025768571133,2.6857059001922607,unguarded_newton,1.6393361875088885e-5,1.1374779741817094e-9,congress109
-14412.025768571131,2.6895029544830322,unguarded_newton,1.572192195453681e-5,1.0908891093452124e-9,congress109
-14412.02576857114,2.693110942840576,unguarded_newton,1.5134344721445814e-5,1.0501191827209928e-9,congress109
-14412.025768571133,2.697021961212158,unguarded_newton,1.4650802768301219e-5,1.016567899861156e-9,congress109
-14412.025768571133,2.7005958557128906,unguarded_newton,1.4173427189234644e-5,9.834444801051625e-10,congress109
-14412.025768571135,2.7048699855804443,unguarded_newton,1.3702538126381114e-5,9.507711369946875e-10,congress109
-14412.025768571135,2.7086598873138428,unguarded_newton,1.3238442988949828e-5,9.185692005782709e-10,congress109
-14412.025768571139,2.7121479511260986,unguarded_newton,1.2781412806361914e-5,8.868574766383526e-10,congress109
-14412.02576857113,2.7161128520965576,unguarded_newton,1.233168768521864e-5,8.556526253311894e-10,congress109
-14412.025768571139,2.720526933670044,unguarded_newton,1.1889493180206046e-5,8.249702971065957e-10,congress109
-14412.025768571133,2.7243759632110596,unguarded_newton,1.1455045751063153e-5,7.948255113478646e-10,congress109
-14412.025768571131,2.727963924407959,unguarded_newton,1.1028483640984632e-5,7.652278602661729e-10,congress109
-14412.025768571137,2.7314188480377197,unguarded_newton,1.0610025128698908e-5,7.361924894581163e-10,congress109
-14412.025768571133,2.7358498573303223,unguarded_newton,1.019975206872914e-5,7.077250785224196e-10,congress109
-14412.025768571135,2.7394628524780273,unguarded_newton,9.797829989111051e-6,6.79837112869834e-10,congress109
-14412.025768571137,2.742908000946045,unguarded_newton,9.404322554473765e-6,6.525330099660338e-10,congress109
-14412.025768571128,2.7463839054107666,unguarded_newton,9.019369827001356e-6,6.25822488235502e-10,congress109
-14412.02576857113,2.7504968643188477,unguarded_newton,8.642962711746804e-6,5.997049166117127e-10,congress109
-14412.025768571133,2.754117012023926,unguarded_newton,8.275212167063728e-6,5.741879941062696e-10,congress109
-14412.02576857113,2.757506847381592,unguarded_newton,7.916134563856758e-6,5.492728566389178e-10,congress109
-14412.025768571135,2.761119842529297,unguarded_newton,7.565753548988141e-6,5.24961144982621e-10,congress109
-14412.02576857113,2.7644219398498535,unguarded_newton,7.2240745794260874e-6,5.01253237777295e-10,congress109
-14412.025768571128,2.7680418491363525,unguarded_newton,6.891088560223579e-6,4.781485039564145e-10,congress109
-14412.025768571128,2.7715539932250977,unguarded_newton,6.566811862285249e-6,4.5564807943972415e-10,congress109
-14412.025768571128,2.7752628326416016,unguarded_newton,6.251217200770043e-6,4.3375007102764957e-10,congress109
-14412.02576857113,2.778610944747925,unguarded_newton,5.944229997112416e-6,4.12449303974687e-10,congress109
-14412.025768571133,2.7821779251098633,unguarded_newton,5.645828423439525e-6,3.9174426372117677e-10,congress109
-14412.025768571131,2.7857789993286133,unguarded_newton,5.3559579100692645e-6,3.7163116386797e-10,congress109
-14412.02576857113,2.7894070148468018,unguarded_newton,5.074536602478474e-6,3.52104324816343e-10,congress109
-14412.02576857113,2.7932398319244385,unguarded_newton,4.801509930985048e-6,3.331599601671466e-10,congress109
-14412.025768571128,2.7966318130493164,unguarded_newton,4.536805136012845e-6,3.147930213881823e-10,congress109
-14412.02576857113,2.800020933151245,unguarded_newton,4.280291250324808e-6,2.9699442112149196e-10,congress109
-14412.025768571126,2.8039908409118652,unguarded_newton,4.03192825615406e-6,2.797613826743667e-10,congress109
-14412.02576857113,2.807389974594116,unguarded_newton,3.84967825084459e-6,2.671156930096347e-10,congress109
-14412.025768571126,2.8109049797058105,unguarded_newton,3.8098005461506546e-6,2.643487187248053e-10,congress109
-14412.025768571128,2.8149428367614746,unguarded_newton,3.7667796277673915e-6,2.6136364784898986e-10,congress109
-14412.025768571126,2.8187599182128906,unguarded_newton,3.720931999851018e-6,2.5818244149725305e-10,congress109
-14412.02576857113,2.8224198818206787,unguarded_newton,3.6723740777233616e-6,2.5481317732111274e-10,congress109
-14412.02576857113,2.825875997543335,unguarded_newton,3.621396899688989e-6,2.5127604944936413e-10,congress109
-14412.025768571133,2.829502820968628,unguarded_newton,3.568182364688255e-6,2.475836792125039e-10,congress109
-14412.02576857113,2.832859992980957,unguarded_newton,3.512916009640321e-6,2.43748940367639e-10,congress109
-14412.025768571126,2.8364479541778564,unguarded_newton,3.455836122157052e-6,2.3978836685772033e-10,congress109
-14412.025768571131,2.839754819869995,unguarded_newton,3.397062755539082e-6,2.3571028876087564e-10,congress109
-14412.02576857113,2.84329891204834,unguarded_newton,3.336786903673783e-6,2.3152795847412687e-10,congress109
-14412.02576857113,2.846601963043213,unguarded_newton,3.275208655395545e-6,2.2725525946102046e-10,congress109
-14412.025768571128,2.850172996520996,unguarded_newton,3.21242623613216e-6,2.228990072400248e-10,congress109
-14412.025768571128,2.8536298274993896,unguarded_newton,3.148621544823982e-6,2.1847182314163668e-10,congress109
-14412.025768571133,2.8573248386383057,unguarded_newton,3.083947376580909e-6,2.1398430908347343e-10,congress109
-14412.02576857113,2.860639810562134,unguarded_newton,3.0185510695446283e-6,2.094466883432377e-10,congress109
-14412.025768571133,2.864179849624634,unguarded_newton,2.9525181162171066e-6,2.0486489294626284e-10,congress109
-14412.02576857113,2.867501974105835,unguarded_newton,2.8860031306976452e-6,2.0024965102347135e-10,congress109
-14412.025768571131,2.8709638118743896,unguarded_newton,2.8191443561809137e-6,1.9561055478604071e-10,congress109
-14412.025768571133,2.8748159408569336,unguarded_newton,2.7520381991053e-6,1.909542935391343e-10,congress109
-14412.025768571128,2.878361940383911,unguarded_newton,2.6847901608562097e-6,1.8628818765444046e-10,congress109
-14412.025768571126,2.881875991821289,unguarded_newton,2.6174784579779953e-6,1.8161766430407264e-10,congress109
-14412.025768571128,2.885895013809204,unguarded_newton,2.550250428612344e-6,1.7695294676573335e-10,congress109
-14412.025768571128,2.890105962753296,unguarded_newton,2.4831188056850806e-6,1.722949185325574e-10,congress109
-14412.025768571128,2.8937289714813232,unguarded_newton,2.4162654881365597e-6,1.676562009350417e-10,congress109
-14412.025768571128,2.8971948623657227,unguarded_newton,2.3496777430409566e-6,1.6303591048005142e-10,congress109
-14412.025768571131,2.9005839824676514,unguarded_newton,2.283508365508169e-6,1.584446490852039e-10,congress109
-14412.025768571128,2.904191017150879,unguarded_newton,2.21778464037925e-6,1.5388430995007382e-10,congress109
-14412.025768571126,2.9075019359588623,unguarded_newton,2.15259387914557e-6,1.4936095131329952e-10,congress109
-14412.02576857113,2.9110488891601562,unguarded_newton,2.087985194521025e-6,1.4487798093411518e-10,congress109
-14412.025768571126,2.914340019226074,unguarded_newton,2.0240004232618958e-6,1.404383017185352e-10,congress109
-14412.02576857113,2.917948007583618,unguarded_newton,1.960735971806571e-6,1.3604860297172274e-10,congress109
-14412.02576857113,2.9214768409729004,unguarded_newton,1.8981827452080324e-6,1.317082536271531e-10,congress109
-14412.02576857113,2.924863815307617,unguarded_newton,1.8364498828304932e-6,1.2742482648312437e-10,congress109
-14412.025768571124,2.928449869155884,unguarded_newton,1.7755482986103743e-6,1.2319907881946637e-10,congress109
-14412.025768571126,2.931752920150757,unguarded_newton,1.7155143723357469e-6,1.1903353490227841e-10,congress109
-14412.025768571124,2.935839891433716,unguarded_newton,1.6564081306569278e-6,1.1493235977062453e-10,congress109
-14412.025768571128,2.9399139881134033,unguarded_newton,1.5982186596374959e-6,1.1089479614467484e-10,congress109
-14412.02576857113,2.943739891052246,unguarded_newton,1.5410041669383645e-6,1.069248828501884e-10,congress109
-14412.025768571124,2.9473299980163574,unguarded_newton,1.4847846614429727e-6,1.0302400823351992e-10,congress109
-14412.025768571128,2.951288938522339,unguarded_newton,1.4295710570877418e-6,1.0e-10,congress109
