problem,alg,eps,npasses,primal,final_lambda,runtime,subopt,mode
synthetic,Newton,0.1,93,0.117230562979202,0.00374562643338917,0.117,6.077578027799402e-5,Newton
synthetic,Newton,0.0316227766016838,93,0.117230562979202,0.00374562643338917,0.103,6.077578027799402e-5,Newton
synthetic,Newton,0.01,93,0.117230562979202,0.00374562643338917,0.0970000000000002,6.077578027799402e-5,Newton
synthetic,Newton,0.00316227766016838,93,0.117230562979202,0.00374562643338917,0.103,6.077578027799402e-5,Newton
synthetic,Newton,0.001,93,0.117230562979202,0.00374562643338917,0.0999999999999999,6.077578027799402e-5,Newton
synthetic,Newton,0.000316227766016838,100,0.117230562979202,0.00374562643338917,0.102,6.077578027799402e-5,Newton
synthetic,Newton,0.0001,109,0.117230562979202,0.00374562643338917,0.0989999999999998,6.077578027799402e-5,Newton
synthetic,Newton,3.16227766016838e-5,137,0.117230563602012,0.00374562643338917,0.101,6.0776403088005915e-5,Newton
synthetic,Newton,1.0e-5,185,0.117224208825928,0.00374562643338917,0.107,5.4421627004003215e-5,Newton
synthetic,Newton,3.16227766016838e-6,247,0.117179662414595,0.00374562643338917,0.118,9.875215671001358e-6,Newton
synthetic,Newton,1.0e-6,294,0.117173191287308,0.00374562643338917,0.132,3.4040883840069647e-6,Newton
synthetic,Newton,3.16227766016838e-7,348,0.117170894335456,0.00374562643338917,0.143,1.107136531994235e-6,Newton
synthetic,Newton,1.0e-7,414,0.117170211615494,0.00374562643338917,0.15,4.244165699995861e-7,Newton
synthetic,Newton,3.16227766016838e-8,495,0.117169966314154,0.00374562643338917,0.164,1.791152299951415e-7,Newton
synthetic,Newton,1.0e-8,579,0.11716986670189,0.00374562643338917,0.18,7.950296600223172e-8,Newton
synthetic,Newton,3.16227766016838e-9,679,0.117169792931637,0.00374562643338917,0.196,5.732712998751666e-9,Newton
synthetic,Newton,1.0e-9,775,0.117169791237272,0.00374562643338917,0.238,4.038348003221337e-9,Newton
synthetic,Newton,3.16227766016838e-10,888,0.117169788200434,0.00374562643338917,0.24,1.001509999931649e-9,Newton
synthetic,Newton,1.0e-10,1006,0.117169787553755,0.00374562643338917,0.253,3.548309979173325e-10,Newton
synthetic,Newton,3.16227766016838e-11,1131,0.117169787289175,0.00374562643338917,0.278,9.025100111692552e-11,Newton
synthetic,Newton,1.0e-11,1258,0.117169787219393,0.00374562643338917,0.311,2.046900149377251e-11,Newton
synthetic,Newton,3.16227766016838e-12,1389,0.117169787199468,0.00374562643338917,0.327,5.439954042785189e-13,Newton
synthetic,Newton,1.0e-12,1522,0.117169787198924,0.00374562643338917,0.492,1.0e-15,Newton
synthetic,Newton,3.16227766016838e-13,1656,0.117169787200967,0.00374562643338917,0.393,2.0430046543395974e-12,Newton
synthetic,Newton,1.0e-13,1789,0.117169787202851,0.00374562643338917,0.414,3.926997615977257e-12,Newton
synthetic,MM,0.1,95,0.120030658955965,0.00374562643338917,0.0999999999999996,0.0028608717570410003,MM
synthetic,MM,0.0316227766016838,95,0.120030658955965,0.00374562643338917,0.0999999999999996,0.0028608717570410003,MM
synthetic,MM,0.01,95,0.120030658955965,0.00374562643338917,0.105,0.0028608717570410003,MM
synthetic,MM,0.00316227766016838,95,0.120030658955965,0.00374562643338917,0.106,0.0028608717570410003,MM
synthetic,MM,0.001,95,0.120030658955965,0.00374562643338917,0.101999999999999,0.0028608717570410003,MM
synthetic,MM,0.000316227766016838,99,0.12003065086558,0.00374562643338917,0.104,0.0028608636666559994,MM
synthetic,MM,0.0001,111,0.120030471687974,0.00374562643338917,0.105,0.002860684489049997,MM
synthetic,MM,3.16227766016838e-5,142,0.119900224570007,0.00374562643338917,0.107,0.002730437371083,MM
synthetic,MM,1.0e-5,209,0.118635246452822,0.00374562643338917,0.111,0.0014654592538980021,MM
synthetic,MM,3.16227766016838e-6,340,0.117734059074747,0.00374562643338917,0.167,0.0005642718758230025,MM
synthetic,MM,1.0e-6,561,0.117359396261613,0.00374562643338917,0.221,0.00018960906268900013,MM
synthetic,MM,3.16227766016838e-7,855,0.117226504991846,0.00374562643338917,0.291,5.671779292200363e-5,MM
synthetic,MM,1.0e-7,1225,0.117186154345995,0.00374562643338917,0.256,1.6367147070997512e-5,MM
synthetic,MM,3.16227766016838e-8,1655,0.117175207400928,0.00374562643338917,0.317,5.420202004002839e-6,MM
synthetic,MM,1.0e-8,2167,0.117171593220617,0.00374562643338917,0.376999999999999,1.8060216930015915e-6,MM
synthetic,MM,3.16227766016838e-9,2764,0.117170432612791,0.00374562643338917,0.453000000000001,6.454138670036746e-7,MM
synthetic,MM,1.0e-9,3448,0.117170029491282,0.00374562643338917,0.554,2.422923579964431e-7,MM
synthetic,MM,3.16227766016838e-10,4166,0.117169879906124,0.00374562643338917,0.671000000000001,9.270720000009725e-8,MM
synthetic,MM,1.0e-10,4943,0.117169815780108,0.00374562643338917,0.808999999999999,2.8581184002840487e-8,MM
synthetic,MM,3.16227766016838e-11,5772,0.117169796954933,0.00374562643338917,0.904,9.756009000660981e-9,MM
synthetic,MM,1.0e-11,6631,0.117169790904279,0.00374562643338917,1.089,3.7053549950538667e-9,MM
synthetic,MM,3.16227766016838e-12,7534,0.117169788734526,0.00374562643338917,1.179,1.5356020066636944e-9,MM
synthetic,MM,1.0e-12,8476,0.117169787819596,0.00374562643338917,1.349,6.206719999068966e-10,MM
synthetic,MM,3.16227766016838e-13,9461,0.11716978745031,0.00374562643338917,1.48,2.513859953534592e-10,MM
synthetic,MM,1.0e-13,10490,0.117169787305712,0.00374562643338917,1.618,1.0678799511332215e-10,MM
w1a,Newton,0.1,84,0.0633956004551116,0.00239220465394607,0.132999999999999,1.4893847073996214e-5,Newton
w1a,Newton,0.0316227766016838,84,0.0633956004551116,0.00239220465394607,0.142000000000003,1.4893847073996214e-5,Newton
w1a,Newton,0.01,84,0.0633956004551116,0.00239220465394607,0.131,1.4893847073996214e-5,Newton
w1a,Newton,0.00316227766016838,84,0.0633956004551116,0.00239220465394607,0.132999999999999,1.4893847073996214e-5,Newton
w1a,Newton,0.001,88,0.0633956004551116,0.00239220465394607,0.136000000000003,1.4893847073996214e-5,Newton
w1a,Newton,0.000316227766016838,97,0.0633956004544324,0.00239220465394607,0.131,1.48938463948034e-5,Newton
w1a,Newton,0.0001,113,0.0633956004545403,0.00239220465394607,0.140000000000001,1.48938465027032e-5,Newton
w1a,Newton,3.16227766016838e-5,138,0.063393350829742,0.00239220465394607,0.149000000000001,1.2644221704397052e-5,Newton
w1a,Newton,1.0e-5,166,0.0633842349792288,0.00239220465394607,0.167000000000002,3.528371191205415e-6,Newton
w1a,Newton,3.16227766016838e-6,207,0.0633820100379352,0.00239220465394607,0.183,1.3034298975977965e-6,Newton
w1a,Newton,1.0e-6,275,0.0633812160174054,0.00239220465394607,0.213000000000001,5.094093677993072e-7,Newton
w1a,Newton,3.16227766016838e-7,349,0.0633809476157856,0.00239220465394607,0.247,2.41007747994737e-7,Newton
w1a,Newton,1.0e-7,442,0.0633807323468882,0.00239220465394607,0.305000000000003,2.573885059253822e-8,Newton
w1a,Newton,3.16227766016838e-8,557,0.0633807183093602,0.00239220465394607,0.356999999999999,1.170132260530643e-8,Newton
w1a,Newton,1.0e-8,696,0.0633807097779176,0.00239220465394607,0.449999999999999,3.1698799973778335e-9,Newton
w1a,Newton,3.16227766016838e-9,863,0.0633807072833764,0.00239220465394607,0.529,6.753387987723514e-10,Newton
w1a,Newton,1.0e-9,1028,0.0633807067895607,0.00239220465394607,0.633999999999997,1.8152310210517442e-10,Newton
w1a,Newton,3.16227766016838e-10,1202,0.063380706688498,0.00239220465394607,0.709,8.046040222975392e-11,Newton
w1a,Newton,1.0e-10,1392,0.0633807066350179,0.00239220465394607,0.823,2.698029299974536e-11,Newton
w1a,Newton,3.16227766016838e-11,1585,0.0633807066270806,0.00239220465394607,0.921000000000003,1.9043003285368343e-11,Newton
w1a,Newton,1.0e-11,1783,0.0633807066109698,0.00239220465394607,1.047,2.932196152549693e-12,Newton
w1a,Newton,3.16227766016838e-12,1983,0.0633807066080376,0.00239220465394607,1.119,1.0e-15,Newton
w1a,Newton,1.0e-12,2190,0.0633807066081524,0.00239220465394607,1.285,1.1479706074624119e-13,Newton
w1a,Newton,3.16227766016838e-13,2412,0.0633807066088401,0.00239220465394607,1.405,8.024969577746788e-13,Newton
w1a,Newton,1.0e-13,2627,0.063380706608578,0.00239220465394607,1.55,5.404010572362949e-13,Newton
w1a,MM,0.1,82,0.0652034698585034,0.00239220465394607,0.124000000000002,0.001822763250465792,MM
w1a,MM,0.0316227766016838,82,0.0652034698585034,0.00239220465394607,0.115000000000002,0.001822763250465792,MM
w1a,MM,0.01,82,0.0652034698585034,0.00239220465394607,0.117999999999995,0.001822763250465792,MM
w1a,MM,0.00316227766016838,82,0.0652034698585034,0.00239220465394607,0.117999999999995,0.001822763250465792,MM
w1a,MM,0.001,84,0.0652032437660755,0.00239220465394607,0.125,0.0018225371580379013,MM
w1a,MM,0.000316227766016838,96,0.0652018432882446,0.00239220465394607,0.119999999999997,0.0018211366802070028,MM
w1a,MM,0.0001,122,0.0651912359973978,0.00239220465394607,0.123999999999995,0.001810529389360202,MM
w1a,MM,3.16227766016838e-5,178,0.064480550424457,0.00239220465394607,0.139000000000003,0.0010998438164193935,MM
w1a,MM,1.0e-5,286,0.0638455066761553,0.00239220465394607,0.170999999999999,0.00046480006811769337,MM
w1a,MM,3.16227766016838e-6,470,0.0635462120677113,0.00239220465394607,0.225999999999999,0.00016550545967369823,MM
w1a,MM,1.0e-6,713,0.0634421439459125,0.00239220465394607,0.310000000000002,6.143733787489225e-5,MM
w1a,MM,3.16227766016838e-7,1067,0.0634003201716376,0.00239220465394607,0.466999999999999,1.961356360000166e-5,MM
w1a,MM,1.0e-7,1533,0.0633864409733102,0.00239220465394607,0.646999999999998,5.734365272597186e-6,MM
w1a,MM,3.16227766016838e-8,2110,0.0633821726443312,0.00239220465394607,0.907000000000004,1.4660362935986493e-6,MM
w1a,MM,1.0e-8,2810,0.0633810759303739,0.00239220465394607,1.172,3.6932233629660693e-7,MM
w1a,MM,3.16227766016838e-9,3584,0.0633808062361748,0.00239220465394607,1.469,9.962813719843755e-8,MM
w1a,MM,1.0e-9,4455,0.0633807357377092,0.00239220465394607,1.902,2.9129671605399032e-8,MM
w1a,MM,3.16227766016838e-10,5397,0.0633807151572076,0.00239220465394607,2.224,8.549169996929784e-9,MM
w1a,MM,1.0e-10,6308,0.0633807080521767,0.00239220465394607,2.512,1.4441390999708759e-9,MM
w1a,MM,3.16227766016838e-11,7217,0.0633807068652427,0.00239220465394607,2.89,2.5720510443694167e-10,MM
w1a,MM,1.0e-11,8177,0.0633807066668029,0.00239220465394607,3.828,5.876529818316101e-11,MM
w1a,MM,3.16227766016838e-12,9182,0.0633807066279016,0.00239220465394607,3.787,1.9863999334290838e-11,MM
w1a,MM,1.0e-12,10193,0.0633807066176173,0.00239220465394607,4.208,9.579698145856241e-12,MM
w1a,MM,3.16227766016838e-13,11192,0.0633807066131876,0.00239220465394607,4.599,5.1500054221165215e-12,MM
w1a,MM,1.0e-13,12193,0.0633807066108381,0.00239220465394607,5.70999999999999,2.800495946253534e-12,MM
news20-3pct,Newton,0.1,89,0.0497698392168635,0.00228639068886416,0.447000000000003,3.0633648049602225e-5,Newton
news20-3pct,Newton,0.0316227766016838,89,0.0497698392168635,0.00228639068886416,0.452000000000012,3.0633648049602225e-5,Newton
news20-3pct,Newton,0.01,89,0.0497698392168635,0.00228639068886416,0.440999999999988,3.0633648049602225e-5,Newton
news20-3pct,Newton,0.00316227766016838,89,0.0497698392168635,0.00228639068886416,0.498000000000005,3.0633648049602225e-5,Newton
news20-3pct,Newton,0.001,90,0.0497698392168635,0.00228639068886416,0.478999999999999,3.0633648049602225e-5,Newton
news20-3pct,Newton,0.000316227766016838,101,0.0497698392168636,0.00228639068886416,0.501000000000005,3.063364804969937e-5,Newton
news20-3pct,Newton,0.0001,124,0.0497698389853919,0.00228639068886416,0.47399999999999,3.063341657799645e-5,Newton
news20-3pct,Newton,3.16227766016838e-5,153,0.0497698568313876,0.00228639068886416,0.491,3.065126257369849e-5,Newton
news20-3pct,Newton,1.0e-5,190,0.0497631941299738,0.00228639068886416,0.48899999999999,2.398856115989889e-5,Newton
news20-3pct,Newton,3.16227766016838e-6,241,0.0497442054219524,0.00228639068886416,0.516000000000005,4.999853138502874e-6,Newton
news20-3pct,Newton,1.0e-6,301,0.0497418445316476,0.00228639068886416,0.581000000000003,2.6389628337009086e-6,Newton
news20-3pct,Newton,3.16227766016838e-7,369,0.0497401620519823,0.00228639068886416,0.606999999999999,9.564831683975261e-7,Newton
news20-3pct,Newton,1.0e-7,449,0.0497394106795407,0.00228639068886416,0.701000000000008,2.0511072679890718e-7,Newton
news20-3pct,Newton,3.16227766016838e-8,554,0.0497392412840219,0.00228639068886416,0.790000000000006,3.571520799938721e-8,Newton
news20-3pct,Newton,1.0e-8,678,0.049739212195276,0.00228639068886416,1.128,6.626462101255726e-9,Newton
news20-3pct,Newton,3.16227766016838e-9,793,0.0497392096933705,0.00228639068886416,1.0,4.1245565990388755e-9,Newton
news20-3pct,Newton,1.0e-9,918,0.0497392072697749,0.00228639068886416,1.036,1.7009609970530803e-9,Newton
news20-3pct,Newton,3.16227766016838e-10,1050,0.0497392062652544,0.00228639068886416,1.12299999999999,6.964405024900699e-10,Newton
news20-3pct,Newton,1.0e-10,1216,0.0497392057832187,0.00228639068886416,1.21899999999999,2.144047994701026e-10,Newton
news20-3pct,Newton,3.16227766016838e-11,1373,0.049739205645556,0.00228639068886416,1.738,7.674209878683058e-11,Newton
news20-3pct,Newton,1.0e-11,1575,0.0497392055921166,0.00228639068886416,1.60199999999999,2.330270004735624e-11,Newton
news20-3pct,Newton,3.16227766016838e-12,1752,0.0497392055722649,0.00228639068886416,1.574,3.450996433063125e-12,Newton
news20-3pct,Newton,1.0e-12,1911,0.0497392055699236,0.00228639068886416,1.68300000000001,1.1097026075823635e-12,Newton
news20-3pct,Newton,3.16227766016838e-13,2066,0.0497392055692399,0.00228639068886416,1.76100000000001,4.2599951344257647e-13,Newton
news20-3pct,Newton,1.0e-13,2231,0.0497392055688139,0.00228639068886416,1.88,1.0e-15,Newton
news20-3pct,MM,0.1,90,0.0522438357951362,0.00228639068886416,0.444000000000003,0.002504630226322302,MM
news20-3pct,MM,0.0316227766016838,90,0.0522438357951362,0.00228639068886416,0.439000000000007,0.002504630226322302,MM
news20-3pct,MM,0.01,90,0.0522438357951362,0.00228639068886416,0.440999999999988,0.002504630226322302,MM
news20-3pct,MM,0.00316227766016838,90,0.0522438357951362,0.00228639068886416,0.448000000000008,0.002504630226322302,MM
news20-3pct,MM,0.001,93,0.0522436824996799,0.00228639068886416,0.436000000000007,0.002504476930866001,MM
news20-3pct,MM,0.000316227766016838,101,0.0522434338328999,0.00228639068886416,0.438999999999993,0.0025042282640860003,MM
news20-3pct,MM,0.0001,125,0.0522231058368921,0.00228639068886416,0.439999999999998,0.0024839002680782027,MM
news20-3pct,MM,3.16227766016838e-5,191,0.0518663839524209,0.00228639068886416,0.454000000000008,0.0021271783836070007,MM
news20-3pct,MM,1.0e-5,294,0.051085448830015,0.00228639068886416,0.477999999999994,0.0013462432612010994,MM
news20-3pct,MM,3.16227766016838e-6,446,0.0506027992734594,0.00228639068886416,0.515000000000001,0.0008635937046454975,MM
news20-3pct,MM,1.0e-6,664,0.0502017113223512,0.00228639068886416,0.584999999999994,0.000462505753537297,MM
news20-3pct,MM,3.16227766016838e-7,975,0.0499360998014374,0.00228639068886416,0.703000000000003,0.00019689423262349987,MM
news20-3pct,MM,1.0e-7,1428,0.0498211349025558,0.00228639068886416,0.891000000000005,8.192933374189665e-5,MM
news20-3pct,MM,3.16227766016838e-8,2060,0.0497666543391914,0.00228639068886416,1.15599999999999,2.7448770377497267e-5,MM
news20-3pct,MM,1.0e-8,3065,0.0497452013594707,0.00228639068886416,1.681,5.995790656798672e-6,MM
news20-3pct,MM,3.16227766016838e-9,4423,0.0497394632008983,0.00228639068886416,2.429,2.576320844022151e-7,MM
news20-3pct,MM,1.0e-9,5871,0.0497392534156087,0.00228639068886416,3.23099999999999,4.784679479702403e-8,MM
news20-3pct,MM,3.16227766016838e-10,7271,0.0497392129355811,0.00228639068886416,4.051,7.366767196259616e-9,MM
news20-3pct,MM,1.0e-10,8673,0.0497392071425014,0.00228639068886416,4.949,1.5736874997562822e-9,MM
news20-3pct,MM,3.16227766016838e-11,10085,0.049739206017376,0.00228639068886416,5.68000000000001,4.4856209718835416e-10,MM
news20-3pct,MM,1.0e-11,11550,0.0497392057217836,0.00228639068886416,6.58700000000002,1.5296969940736815e-10,MM
news20-3pct,MM,3.16227766016838e-12,13041,0.0497392056266122,0.00228639068886416,7.221,5.77983008676064e-11,MM
news20-3pct,MM,1.0e-12,14547,0.0497392055916927,0.00228639068886416,8.36800000000002,2.2878803018766547e-11,MM
news20-3pct,MM,3.16227766016838e-13,16106,0.0497392055778393,0.00228639068886416,9.44400000000002,9.02539848413042e-12,MM
news20-3pct,MM,1.0e-13,17683,0.0497392055711684,0.00228639068886416,10.299,2.354498540579897e-12,MM
