cell_id,cell_name,mu0,reg,seed,n,p,lambda,lambda_max,ybar,n_pos,n_neg
1,cell_001,0.5,0.5,1,500,1000,0.07917128683754507,0.15834257367509014,0.498,249,251
2,cell_002,0.5,0.2,1,500,1000,0.03166851473501803,0.15834257367509014,0.498,249,251
3,cell_003,0.5,0.1,1,500,1000,0.015834257367509014,0.15834257367509014,0.498,249,251
4,cell_004,0.5,0.05,1,500,1000,0.007917128683754507,0.15834257367509014,0.498,249,251
5,cell_005,0.5,0.02,1,500,1000,0.003166851473501803,0.15834257367509014,0.498,249,251
6,cell_006,0.5,0.01,1,500,1000,0.0015834257367509015,0.15834257367509014,0.498,249,251
7,cell_007,0.7,0.5,1,500,1000,0.06860904574424775,0.1372180914884955,0.574,287,213
8,cell_008,0.7,0.2,1,500,1000,0.027443618297699104,0.1372180914884955,0.574,287,213
9,cell_009,0.7,0.1,1,500,1000,0.013721809148849552,0.1372180914884955,0.574,287,213
10,cell_010,0.7,0.05,1,500,1000,0.006860904574424776,0.1372180914884955,0.574,287,213
11,cell_011,0.7,0.02,1,500,1000,0.00274436182976991,0.1372180914884955,0.574,287,213
12,cell_012,0.7,0.01,1,500,1000,0.001372180914884955,0.1372180914884955,0.574,287,213
13,cell_013,0.9,0.5,1,500,1000,0.06306968535257798,0.12613937070515596,0.708,354,146
14,cell_014,0.9,0.2,1,500,1000,0.025227874141031194,0.12613937070515596,0.708,354,146
15,cell_015,0.9,0.1,1,500,1000,0.012613937070515597,0.12613937070515596,0.708,354,146
16,cell_016,0.9,0.05,1,500,1000,0.006306968535257799,0.12613937070515596,0.708,354,146
17,cell_017,0.9,0.02,1,500,1000,0.0025227874141031193,0.12613937070515596,0.708,354,146
18,cell_018,0.9,0.01,1,500,1000,0.0012613937070515596,0.12613937070515596,0.708,354,146
19,cell_019,0.95,0.5,1,500,1000,0.05722651426800462,0.11445302853600924,0.778,389,111
20,cell_020,0.95,0.2,1,500,1000,0.022890605707201847,0.11445302853600924,0.778,389,111
21,cell_021,0.95,0.1,1,500,1000,0.011445302853600924,0.11445302853600924,0.778,389,111
22,cell_022,0.95,0.05,1,500,1000,0.005722651426800462,0.11445302853600924,0.778,389,111
23,cell_023,0.95,0.02,1,500,1000,0.002289060570720185,0.11445302853600924,0.778,389,111
24,cell_024,0.95,0.01,1,500,1000,0.0011445302853600925,0.11445302853600924,0.778,389,111
25,cell_025,0.99,0.5,1,500,1000,0.03890253233698592,0.07780506467397184,0.89,445,55
26,cell_026,0.99,0.2,1,500,1000,0.01556101293479437,0.07780506467397184,0.89,445,55
27,cell_027,0.99,0.1,1,500,1000,0.007780506467397185,0.07780506467397184,0.89,445,55
28,cell_028,0.99,0.05,1,500,1000,0.0038902532336985924,0.07780506467397184,0.89,445,55
29,cell_029,0.99,0.02,1,500,1000,0.001556101293479437,0.07780506467397184,0.89,445,55
30,cell_030,0.99,0.01,1,500,1000,0.0007780506467397185,0.07780506467397184,0.89,445,55
31,cell_031,0.5,0.5,2,500,1000,0.07663724828540176,0.15327449657080353,0.474,237,263
32,cell_032,0.5,0.2,2,500,1000,0.030654899314160707,0.15327449657080353,0.474,237,263
33,cell_033,0.5,0.1,2,500,1000,0.015327449657080354,0.15327449657080353,0.474,237,263
34,cell_034,0.5,0.05,2,500,1000,0.007663724828540177,0.15327449657080353,0.474,237,263
35,cell_035,0.5,0.02,2,500,1000,0.0030654899314160704,0.15327449657080353,0.474,237,263
36,cell_036,0.5,0.01,2,500,1000,0.0015327449657080352,0.15327449657080353,0.474,237,263
37,cell_037,0.7,0.5,2,500,1000,0.07280085925900914,0.14560171851801829,0.568,284,216
38,cell_038,0.7,0.2,2,500,1000,0.029120343703603658,0.14560171851801829,0.568,284,216
39,cell_039,0.7,0.1,2,500,1000,0.014560171851801829,0.14560171851801829,0.568,284,216
40,cell_040,0.7,0.05,2,500,1000,0.0072800859259009145,0.14560171851801829,0.568,284,216
41,cell_041,0.7,0.02,2,500,1000,0.0029120343703603656,0.14560171851801829,0.568,284,216
42,cell_042,0.7,0.01,2,500,1000,0.0014560171851801828,0.14560171851801829,0.568,284,216
43,cell_043,0.9,0.5,2,500,1000,0.06475712425759585,0.1295142485151917,0.712,356,144
44,cell_044,0.9,0.2,2,500,1000,0.02590284970303834,0.1295142485151917,0.712,356,144
45,cell_045,0.9,0.1,2,500,1000,0.01295142485151917,0.1295142485151917,0.712,356,144
46,cell_046,0.9,0.05,2,500,1000,0.006475712425759585,0.1295142485151917,0.712,356,144
47,cell_047,0.9,0.02,2,500,1000,0.002590284970303834,0.1295142485151917,0.712,356,144
48,cell_048,0.9,0.01,2,500,1000,0.001295142485151917,0.1295142485151917,0.712,356,144
49,cell_049,0.95,0.5,2,500,1000,0.057877326106195295,0.11575465221239059,0.786,393,107
50,cell_050,0.95,0.2,2,500,1000,0.02315093044247812,0.11575465221239059,0.786,393,107
51,cell_051,0.95,0.1,2,500,1000,0.01157546522123906,0.11575465221239059,0.786,393,107
52,cell_052,0.95,0.05,2,500,1000,0.00578773261061953,0.11575465221239059,0.786,393,107
53,cell_053,0.95,0.02,2,500,1000,0.002315093044247812,0.11575465221239059,0.786,393,107
54,cell_054,0.95,0.01,2,500,1000,0.001157546522123906,0.11575465221239059,0.786,393,107
55,cell_055,0.99,0.5,2,500,1000,0.031177537474844554,0.06235507494968911,0.89,445,55
56,cell_056,0.99,0.2,2,500,1000,0.012471014989937822,0.06235507494968911,0.89,445,55
57,cell_057,0.99,0.1,2,500,1000,0.006235507494968911,0.06235507494968911,0.89,445,55
58,cell_058,0.99,0.05,2,500,1000,0.0031177537474844554,0.06235507494968911,0.89,445,55
59,cell_059,0.99,0.02,2,500,1000,0.0012471014989937823,0.06235507494968911,0.89,445,55
60,cell_060,0.99,0.01,2,500,1000,0.0006235507494968912,0.06235507494968911,0.89,445,55
61,cell_061,0.5,0.5,3,500,1000,0.07933977874552962,0.15867955749105925,0.502,251,249
62,cell_062,0.5,0.2,3,500,1000,0.03173591149821185,0.15867955749105925,0.502,251,249
63,cell_063,0.5,0.1,3,500,1000,0.015867955749105926,0.15867955749105925,0.502,251,249
64,cell_064,0.5,0.05,3,500,1000,0.007933977874552963,0.15867955749105925,0.502,251,249
65,cell_065,0.5,0.02,3,500,1000,0.003173591149821185,0.15867955749105925,0.502,251,249
66,cell_066,0.5,0.01,3,500,1000,0.0015867955749105924,0.15867955749105925,0.502,251,249
67,cell_067,0.7,0.5,3,500,1000,0.06956918221601245,0.1391383644320249,0.612,306,194
68,cell_068,0.7,0.2,3,500,1000,0.027827672886404982,0.1391383644320249,0.612,306,194
69,cell_069,0.7,0.1,3,500,1000,0.013913836443202491,0.1391383644320249,0.612,306,194
70,cell_070,0.7,0.05,3,500,1000,0.0069569182216012455,0.1391383644320249,0.612,306,194
71,cell_071,0.7,0.02,3,500,1000,0.002782767288640498,0.1391383644320249,0.612,306,194
72,cell_072,0.7,0.01,3,500,1000,0.001391383644320249,0.1391383644320249,0.612,306,194
73,cell_073,0.9,0.5,3,500,1000,0.06569633693720206,0.13139267387440412,0.726,363,137
74,cell_074,0.9,0.2,3,500,1000,0.026278534774880825,0.13139267387440412,0.726,363,137
75,cell_075,0.9,0.1,3,500,1000,0.013139267387440413,0.13139267387440412,0.726,363,137
76,cell_076,0.9,0.05,3,500,1000,0.006569633693720206,0.13139267387440412,0.726,363,137
77,cell_077,0.9,0.02,3,500,1000,0.0026278534774880824,0.13139267387440412,0.726,363,137
78,cell_078,0.9,0.01,3,500,1000,0.0013139267387440412,0.13139267387440412,0.726,363,137
79,cell_079,0.95,0.5,3,500,1000,0.05953592169030551,0.11907184338061103,0.796,398,102
80,cell_080,0.95,0.2,3,500,1000,0.023814368676122206,0.11907184338061103,0.796,398,102
81,cell_081,0.95,0.1,3,500,1000,0.011907184338061103,0.11907184338061103,0.796,398,102
82,cell_082,0.95,0.05,3,500,1000,0.0059535921690305514,0.11907184338061103,0.796,398,102
83,cell_083,0.95,0.02,3,500,1000,0.0023814368676122206,0.11907184338061103,0.796,398,102
84,cell_084,0.95,0.01,3,500,1000,0.0011907184338061103,0.11907184338061103,0.796,398,102
85,cell_085,0.99,0.5,3,500,1000,0.031911438182327195,0.06382287636465439,0.906,453,47
86,cell_086,0.99,0.2,3,500,1000,0.01276457527293088,0.06382287636465439,0.906,453,47
87,cell_087,0.99,0.1,3,500,1000,0.00638228763646544,0.06382287636465439,0.906,453,47
88,cell_088,0.99,0.05,3,500,1000,0.00319114381823272,0.06382287636465439,0.906,453,47
89,cell_089,0.99,0.02,3,500,1000,0.0012764575272930878,0.06382287636465439,0.906,453,47
90,cell_090,0.99,0.01,3,500,1000,0.0006382287636465439,0.06382287636465439,0.906,453,47
